,file_name,height,width,letter
1511,U7_jpg.rf.0037faea78f8a89329a93006132921b3.jpg,390,390,U
1510,P12_jpg.rf.0046c1c30abbbccd31716c5b2ad835b9.jpg,372,372,P
1509,K4_jpg.rf.00821732715c9137b8060360770ea1d8.jpg,372,372,K
1508,J30_jpg.rf.00d20e595026b31773ded47509545471.jpg,382,382,J
1507,W6_jpg.rf.00d19bc3a49f6469e2afa3aa92f14ff4.jpg,412,412,W
1506,M27_jpg.rf.010d328cdc61a634aec1540863be23b9.jpg,402,402,M
1505,N23_jpg.rf.01428a442131e7dcbdb4453df83877e0.jpg,388,388,N
1504,X13_jpg.rf.015a5271f775ab06dd3af7cb59264404.jpg,416,416,X
1503,S28_jpg.rf.015ec81f1c531610f515d4135ae7a335.jpg,396,396,S
1502,D23_jpg.rf.0180ca2b1fbc4ac99d39ff957e9666ea.jpg,388,388,D
1501,D6_jpg.rf.01867634b70d3f9ea5adbb09d9643830.jpg,412,412,D
1500,Z15_jpg.rf.01dae2ff4bb13d57fb3555e92eeb4778.jpg,404,404,Z
1499,O1_jpg.rf.01eb8369467a4e02535411288eef34f7.jpg,384,384,O
1498,J2_jpg.rf.01f65b3db913fe28c20d99cf89124c9f.jpg,404,404,J
1497,F28_jpg.rf.01de9888a0d78bebc1fbb6b841fdef6e.jpg,384,384,F
1496,T6_jpg.rf.02bb707b9ac0fb76c97517ccf4f47ab4.jpg,416,416,T
1495,J34_jpg.rf.0263901188a9de96c9bca11274a772ab.jpg,372,372,J
1494,S25_jpg.rf.02bfc4e839ba3b795c16dc1a21f958dc.jpg,394,394,S
1493,T22_jpg.rf.02e1fc73db34427a44a8888dc77003c6.jpg,412,412,T
1492,E21_jpg.rf.02bd3a1ec0e99694816e883b8de32942.jpg,416,416,E
1491,H10_jpg.rf.02fd419c4bf7c570ee19d8813124842d.jpg,402,402,H
1490,W10_jpg.rf.031532ad7d9f4f1dd1636c2497ba7b40.jpg,394,394,W
1489,I10_jpg.rf.031d497a63d112e07bdbe603fe3d1c1a.jpg,400,400,I
1488,H28_jpg.rf.03600eb345a61fbd4c2af1f068f8be57.jpg,392,392,H
1487,C2_jpg.rf.03a70718529b1e03561c20c91c2ce616.jpg,374,374,C
1486,T10_jpg.rf.03c9848b08c3ed3a90ab61ab89989920.jpg,384,384,T
1485,L23_jpg.rf.0418069709eebdee55bc946fa4080bc1.jpg,410,410,L
1484,E15_jpg.rf.0424ab069f07383610fa481f78102605.jpg,384,384,E
1483,D18_jpg.rf.0453a37b304e0dd33a3bd6eaebc34e42.jpg,388,388,D
1482,P5_jpg.rf.046a96e022a22cdaf46af39f9b5ddcee.jpg,412,412,P
1481,F26_jpg.rf.04b690cb8e2f6349e6e2091dc246230b.jpg,392,392,F
1480,T19_jpg.rf.050433a13afd1405f4c96062585d84d3.jpg,392,392,T
1479,C6_jpg.rf.05217144d8c28d1ff7f060bf3210ed2d.jpg,392,392,C
1478,O9_jpg.rf.055425e3503991ffaf8f801a61986924.jpg,394,394,O
1477,L13_jpg.rf.05678eea40bbd755e5a00a3f13fe7a6b.jpg,416,416,L
1476,T6_jpg.rf.057836f5c842cf3781bf2bf3183ea5fc.jpg,398,398,T
1475,L6_jpg.rf.05806c4c18c8f9b2906f34ac24c81b42.jpg,408,408,L
1474,X22_jpg.rf.05732e3e92b7d7abbba7c3eb54b022b8.jpg,380,380,X
1473,P21_jpg.rf.05b6ba0dcac40daddf8d8f206c85e20f.jpg,378,378,P
1472,I4_jpg.rf.062ccd81c673900bff7ea0de9a398daa.jpg,380,380,I
1471,B7_jpg.rf.0616aa49d62abc241f6c54b00bcbd9f7.jpg,378,378,B
1470,D16_jpg.rf.06a330daa452111410a8420e21ae1657.jpg,394,394,D
1469,E22_jpg.rf.06b172de18720018813b70f96e127dfa.jpg,410,410,E
1468,S26_jpg.rf.06beeb7d442a1a2fd82c42b68ce5f277.jpg,376,376,S
1467,W12_jpg.rf.06c9bdac7028db273c39d69e1fa89531.jpg,380,380,W
1466,Q19_jpg.rf.06cebf7b976387ce82ab489130cec519.jpg,372,372,Q
1465,Z24_jpg.rf.07aefac43745876d1f4e260afc706b3e.jpg,388,388,Z
1464,N12_jpg.rf.07b2230fdf996de3c8428f58a8d22a3e.jpg,416,416,N
1463,T20_jpg.rf.0812ead96147e8fa4ba6470912a81874.jpg,384,384,T
1462,F12_jpg.rf.086aa13ff5236066ec979fbb5b90e0a5.jpg,400,400,F
1461,J18_jpg.rf.06e1abf3eae85a7bb86f4bfb7322d055.jpg,380,380,J
1460,E14_jpg.rf.099b7c532a31aed9e59b72301ea13303.jpg,388,388,E
1459,F7_jpg.rf.09c9ccc1226c5afeb66e2243ad08abc1.jpg,396,396,F
1458,V24_jpg.rf.09cf35cd5d3b68da6f3dcc34bccb298c.jpg,410,410,V
1457,G10_jpg.rf.09d37c9b35d2d18288601e9af1b0c6aa.jpg,406,406,G
1456,V18_jpg.rf.0a1f6c6de13a46327284a44ca57dd0e7.jpg,406,406,V
1455,V20_jpg.rf.0a17a5441685a6b0624935542526846b.jpg,394,394,V
1454,S25_jpg.rf.09d0d2f747a7b9141a846f0c83dc4883.jpg,394,394,S
1453,T21_jpg.rf.0a29c60282700d02b816c6abad01e527.jpg,392,392,T
1452,J22_jpg.rf.0a2a945c3728602d25182355cfad1cd6.jpg,398,398,J
1451,C12_jpg.rf.0afac9aaffd201400a334cbbf38a518a.jpg,406,406,C
1450,Y6_jpg.rf.0b311cacca85c70b2e58d387a50b8788.jpg,374,374,Y
1449,Y14_jpg.rf.0b16d04af40a4ed25e305d03692f4f05.jpg,388,388,Y
1448,V8_jpg.rf.0b600ef127e6e4b6569dbbb8123ad3a8.jpg,392,392,V
1447,A27_jpg.rf.0c350b038342fd2b593f7cc88589e4bf.jpg,400,400,A
1446,A24_jpg.rf.0c548e55630ab5b3682e8267ad1daba2.jpg,376,376,A
1445,J21_jpg.rf.0c71cb8778aaf14f83d639c92d8c9c11.jpg,404,404,J
1444,N21_jpg.rf.0ce2674890bec944af10484666907f3a.jpg,376,376,N
1443,O23_jpg.rf.0d113740e458f322420dfb75d5dede48.jpg,378,378,O
1442,G29_jpg.rf.0d1ebc2b56c839d26c50c9cfa27f95af.jpg,400,400,G
1441,C13_jpg.rf.0d4790015527485bc617b20b127a9044.jpg,404,404,C
1440,J20_jpg.rf.0a223d52fa082ab48c2bdf23aad0ff4d.jpg,400,400,J
1439,E22_jpg.rf.0d35c68e32b19d9a549399ba02f34469.jpg,388,388,E
1438,Y16_jpg.rf.0d5c938b766f9ae674a35d9c7c296d54.jpg,380,380,Y
1437,V6_jpg.rf.0d70a9822003b3d1c9c7eae309a99f70.jpg,374,374,V
1436,U0_jpg.rf.0d819884eca983ec349a1c0985a0c8b8.jpg,388,388,U
1435,L18_jpg.rf.0d823185815d28fad4f2572f392482c3.jpg,372,372,L
1434,Y11_jpg.rf.0d8bfe757d18e06519822aac82c4b755.jpg,410,410,Y
1433,T15_jpg.rf.0d977919477c9d5c4da3856cf9cc849c.jpg,376,376,T
1432,Z24_jpg.rf.0defec3939772e6e585c757e2d83cbcb.jpg,378,378,Z
1431,B2_jpg.rf.0df296fe9e10529c01484b12c6575458.jpg,382,382,B
1430,I5_jpg.rf.0df75ef36732423de39cd0066501a596.jpg,388,388,I
1429,D11_jpg.rf.0e1fe6f1474bb8372d381b458576bece.jpg,392,392,D
1428,N24_jpg.rf.0e240f7a8c43532a802e97e76fa1ad8b.jpg,408,408,N
1427,R22_jpg.rf.0e5e7eb817a828a880b068496d4382e8.jpg,392,392,R
1426,O7_jpg.rf.0eaee8009ec2d93d7381f32044ff1194.jpg,398,398,O
1425,T23_jpg.rf.0f0cfab388c8caa6d1d60d56a19e4191.jpg,404,404,T
1424,O18_jpg.rf.0ef5218f1ffe8238ef5e89a64313bc4f.jpg,374,374,O
1423,Z25_jpg.rf.0f660f6c46cfdf0ac387b7925612b5fb.jpg,400,400,Z
1422,A18_jpg.rf.0f95cca1e829561f56abd4409ca20370.jpg,392,392,A
1421,D8_jpg.rf.0fd7ece4e33af067b8ff64cf9b8c07ca.jpg,382,382,D
1420,S9_jpg.rf.1081df1f92818e03c4c10d34860c4c24.jpg,404,404,S
1419,H4_jpg.rf.1090c3e2c1edc37d7b2ecd5b9eb6f06e.jpg,404,404,H
1418,K18_jpg.rf.1031d048282a1171d305bcccdae086cc.jpg,402,402,K
1417,S15_jpg.rf.10ffedc6bc40428d27640dae05f419ab.jpg,394,394,S
1416,E5_jpg.rf.111a1b031fe5df1b3fb24f23019a55b7.jpg,378,378,E
1415,A5_jpg.rf.11920540d5a68fdeed4b584fb24cd063.jpg,398,398,A
1414,R4_jpg.rf.11c318efe06da496ef1f0aecc801efe5.jpg,392,392,R
1413,O26_jpg.rf.1108b61327599ed4ae57a0e3f9638bdb.jpg,412,412,O
1412,M18_jpg.rf.129826d37d00c7e46376752d8649edaa.jpg,380,380,M
1411,D5_jpg.rf.120762cfe888b11fd68ca6e0de2739a7.jpg,374,374,D
1410,M13_jpg.rf.129d6cdd44f46213e760274b71a7035e.jpg,398,398,M
1409,G29_jpg.rf.12ae1e591ad1423f2b184e3ec3c6c7b3.jpg,376,376,G
1408,I12_jpg.rf.12ae9b70a48e552fe1c108efbfed59fa.jpg,394,394,I
1407,W15_jpg.rf.12b50d1527e1a50debd5df1f5982ced0.jpg,384,384,W
1406,Q5_jpg.rf.133ce97542d60c224a802c17ccf189ef.jpg,394,394,Q
1405,L15_jpg.rf.13a2da2d1d47bddfa534c26ac89b3caa.jpg,388,388,L
1404,R19_jpg.rf.13a69f772b8c4a24d8734a95b40366cc.jpg,394,394,R
1403,V8_jpg.rf.13a92e73a072998c0ca9494cc74fc1de.jpg,400,400,V
1402,N13_jpg.rf.13c8d7c9fa997fd79a3a1ed4392b079a.jpg,394,394,N
1401,I3_jpg.rf.13d13da81962b86db3705de1b79f984a.jpg,380,380,I
1400,D23_jpg.rf.140903c8c5f194371c7424003505399c.jpg,392,392,D
1399,F28_jpg.rf.12d1870b462239f7d1f87630418e3f06.jpg,378,378,F
1398,K25_jpg.rf.132166e150d2509b3134d70b93a4b8d1.jpg,402,402,K
1397,S17_jpg.rf.145203481479c369b4d6e3cac9099ffa.jpg,388,388,S
1396,Z20_jpg.rf.1467ba7953ab97618b21145b3b2a64e3.jpg,400,400,Z
1395,P10_jpg.rf.14ca35ae7502f010c44b1951745b8ae6.jpg,404,404,P
1394,I11_jpg.rf.15287860f4e8a699384284c2b39a6584.jpg,390,390,I
1393,J36_jpg.rf.152d4c97591be177e8e079318443353f.jpg,382,382,J
1392,E9_jpg.rf.15357b0c33510b84dc822870ed1275a3.jpg,374,374,E
1391,C7_jpg.rf.153d4f0a86e41d21494e749ec943ff30.jpg,398,398,C
1390,P15_jpg.rf.159a541ad56feffc9391156c5520088f.jpg,382,382,P
1389,I25_jpg.rf.15abc44d286afed0111817fdad8e2881.jpg,406,406,I
1388,L16_jpg.rf.15ecddb8d30f840c07b2c1bf16649857.jpg,392,392,L
1387,G27_jpg.rf.15efbdf665e48ddb06113e3dd4aeefe1.jpg,382,382,G
1386,C21_jpg.rf.162ffff1083e8fae45254bb9249bfcbf.jpg,412,412,C
1385,I16_jpg.rf.16c9c8875d3709bdb762d85eeda10636.jpg,404,404,I
1384,L2_jpg.rf.16da50ef8d9eef2c611941967b78a451.jpg,392,392,L
1383,W12_jpg.rf.16f29bc421221e4f2c02c3faa5863d3c.jpg,384,384,W
1382,L16_jpg.rf.16f4d2af0f09a824d69c17d5a4a00325.jpg,382,382,L
1381,Z0_jpg.rf.175f325d6ed400b486b3b60a374a8477.jpg,400,400,Z
1380,Y3_jpg.rf.1765e0d5bba76bdd3dae44666e1c214a.jpg,412,412,Y
1379,E20_jpg.rf.17cd74f7da2ebe2651533a7c29bf40e9.jpg,404,404,E
1378,Q4_jpg.rf.16f4e350c0cbfa1238a5a74dfa212e7b.jpg,408,408,Q
1377,K2_jpg.rf.17dba52b3990a4256016a9eb98cc6566.jpg,392,392,K
1376,W4_jpg.rf.17f140aa6d52da488b75601911d650a0.jpg,400,400,W
1375,N0_jpg.rf.180e4b19d6df6fc5e3e7d86dbe1ddc51.jpg,394,394,N
1374,J30_jpg.rf.1830920374b6aec82ee84443edda5734.jpg,408,408,J
1373,V17_jpg.rf.18801d8e6ad486e7e038a1565ebf1736.jpg,380,380,V
1372,V4_jpg.rf.18cdecbaa29fef28b7cb519e11e9fd84.jpg,378,378,V
1371,E20_jpg.rf.18f9c75a3a3244f17baa72a083b7b604.jpg,398,398,E
1370,Y18_jpg.rf.1895434cacd913e7fa4929e3c64afb53.jpg,400,400,Y
1369,L9_jpg.rf.18fb3c7dce9d787bca991b1a76776261.jpg,374,374,L
1368,Q12_jpg.rf.195c56598e517fd7419f41e1dd50f630.jpg,392,392,Q
1367,W17_jpg.rf.1975003e49350c2dca16bfcc3dc2c342.jpg,408,408,W
1366,V4_jpg.rf.1975ced8246afc56ca0b20a1d70e2d6d.jpg,376,376,V
1365,D19_jpg.rf.199140d37ba69d88a7e923bb895fcd4b.jpg,396,396,D
1364,D13_jpg.rf.1a3dc1b3ba32f5a799de3f43ad095547.jpg,394,394,D
1363,T20_jpg.rf.1a83ce62951b44181696195e1421ae9b.jpg,390,390,T
1362,X18_jpg.rf.1a8c41e8efd4d9fb973a02374e9ba279.jpg,380,380,X
1361,L0_jpg.rf.1ab48686ce6dc960e0c2eb596cb0e589.jpg,374,374,L
1360,Z6_jpg.rf.1bb2adfb8cfa7d70187286406fcd9852.jpg,402,402,Z
1359,A23_jpg.rf.199528cc21bad70f9424a2cfb92d3207.jpg,406,406,A
1358,U14_jpg.rf.1a8882998b37b6b8fcc46b6683e1f66e.jpg,398,398,U
1357,H17_jpg.rf.1baace1a86461a7849d54050d41b980e.jpg,392,392,H
1356,O15_jpg.rf.1c5a31d1b029c0c38833e9c961378e5f.jpg,388,388,O
1355,G8_jpg.rf.1c5dfe424c343ada7600387526c29ca1.jpg,380,380,G
1354,C2_jpg.rf.1cd7aca8a93b74b211c9fbcb18b96519.jpg,392,392,C
1353,T3_jpg.rf.1d01912a9c4bd4e068c4e379f11c03a9.jpg,416,416,T
1352,M16_jpg.rf.1d5582262ceec69d6a45ac3197842420.jpg,372,372,M
1351,A17_jpg.rf.1d8db324964e2d09835b90e5ae59b179.jpg,410,410,A
1350,D3_jpg.rf.1d937c0e64141083b4b634f3b9a7eea9.jpg,394,394,D
1349,P14_jpg.rf.1dc01fbdf79f9ddbdf94146a8313a452.jpg,400,400,P
1348,W2_jpg.rf.1dc97a95e879879b319ae82d95766ea2.jpg,374,374,W
1347,H10_jpg.rf.1dfa83e4fb441b6e63a1479f00cc2ada.jpg,374,374,H
1346,R3_jpg.rf.1dfe76b0988c13fc7c8cc19bd87ac667.jpg,410,410,R
1345,N10_jpg.rf.1e1d01dfd5fb83b817aa27f717ffef77.jpg,406,406,N
1344,R4_jpg.rf.1e39e76f2b8933561c30caebc8b12fab.jpg,376,376,R
1343,L15_jpg.rf.1e825d1bdfe88d7122179bc79e358eb1.jpg,380,380,L
1342,W12_jpg.rf.1e4f0a372c9e8fd0fc6de021539af12e.jpg,378,378,W
1341,M4_jpg.rf.1e94cac19b236e16f867f4292775a7a3.jpg,384,384,M
1340,J35_jpg.rf.1ed39e38a0ee03a335348b9103c6121e.jpg,410,410,J
1339,Z19_jpg.rf.1ef6efbd8ee8867d44b3cb300cfded3f.jpg,384,384,Z
1338,W21_jpg.rf.1f44eeeee36fee8197435b1a93acbb73.jpg,388,388,W
1337,A25_jpg.rf.1ee291da526c10ede77cf69d4cd2c231.jpg,416,416,A
1336,C18_jpg.rf.1f4779c94ba51a17eb060430bfdefe84.jpg,384,384,C
1335,D11_jpg.rf.1f53ba2b436994ad36b120c820921bdc.jpg,376,376,D
1334,I20_jpg.rf.1f767dcc423ec7719b9e0e90f7ad3e42.jpg,388,388,I
1333,K16_jpg.rf.1fa3778fbb42bbcbcd79c5aa6f301c81.jpg,402,402,K
1332,M13_jpg.rf.1fa25f00496dd516c39840a417137f60.jpg,382,382,M
1331,J35_jpg.rf.1fc609cff6e57371109b7dd08186c23d.jpg,392,392,J
1330,A26_jpg.rf.1fc964f5ed03b450b754a5427b66ecce.jpg,380,380,A
1329,G15_jpg.rf.1fdc3b53e6e18e7daceaaf0f134a8f2d.jpg,408,408,G
1328,S23_jpg.rf.201127639209565a23c897e6eb6a998b.jpg,400,400,S
1327,F22_jpg.rf.203feff812b6af7fb2f3c76ec919416d.jpg,400,400,F
1326,J18_jpg.rf.201af44ab450a6ba36f92c10a3ce36a2.jpg,410,410,J
1325,C20_jpg.rf.205170f82acd823e1977ac5fa1102737.jpg,384,384,C
1324,T22_jpg.rf.205c80aa55302bd71fe1c0ac89833f07.jpg,388,388,T
1323,L10_jpg.rf.2086b2f8eed495c4c134f64ed980a290.jpg,412,412,L
1322,W15_jpg.rf.20b4e1c09feff66baa17250e1d3bdc82.jpg,396,396,W
1321,V9_jpg.rf.20b7f97dac844ea8738f9f488ec4e25a.jpg,398,398,V
1320,G16_jpg.rf.20bbfcc529e2547722dfaf6913421a1c.jpg,410,410,G
1319,Q0_jpg.rf.20d6987cbda94530e2817f1e11ee6f74.jpg,406,406,Q
1318,C10_jpg.rf.20f3f451bdf05f7e5f606e69e90ca19e.jpg,412,412,C
1317,S11_jpg.rf.2109f5802e1544c773f2849d7d5acf7a.jpg,392,392,S
1316,E10_jpg.rf.210b2fb96ddccadc6ccfa75a7b66b4a2.jpg,394,394,E
1315,O23_jpg.rf.210f1aaa191497f03d00676460842a64.jpg,398,398,O
1314,E17_jpg.rf.2141c09792f184b420512093b737496a.jpg,402,402,E
1313,H22_jpg.rf.2163ca101bfb1359678f68d144f52cae.jpg,380,380,H
1312,I0_jpg.rf.21bbe6c53fdee3de18552752ab116502.jpg,412,412,I
1311,I4_jpg.rf.228ced783f921fdbbd7d491752b4fdf2.jpg,406,406,I
1310,P13_jpg.rf.21e34a0348f90689c6c49746ff91336c.jpg,416,416,P
1309,O6_jpg.rf.22dbe941aaf50be0bab0feb763fa1344.jpg,378,378,O
1308,I5_jpg.rf.22dd90990e4bbe2a01731f2ceed03d0e.jpg,408,408,I
1307,Q21_jpg.rf.2122e8c1b9581342635d4aa7d0ec4799.jpg,404,404,Q
1306,P6_jpg.rf.22a89cc3ab41c1980a5b9a92398d799b.jpg,382,382,P
1305,U13_jpg.rf.22fadc75bccc7d4a8aae826d6d8a83dd.jpg,406,406,U
1304,T5_jpg.rf.235e00d1b43d411056c8b6b723d0cc8b.jpg,400,400,T
1303,F16_jpg.rf.236fc2c0aae5d6287474e26b4278d9d3.jpg,400,400,F
1302,H12_jpg.rf.23a256df86644a4451a2c1d4ca56002d.jpg,378,378,H
1301,U22_jpg.rf.23b0f88fbc9d62876bd891370285253d.jpg,398,398,U
1300,S21_jpg.rf.23bd506ca957f7b9e14dc9a9aacb953c.jpg,408,408,S
1299,O27_jpg.rf.23cd5788be9d6c160dfbd00b44e89cfe.jpg,388,388,O
1298,X5_jpg.rf.23fa082fad08c6660bf2d2852954a723.jpg,400,400,X
1297,U16_jpg.rf.2445444f56d04f5268155d271bea301a.jpg,394,394,U
1296,C16_jpg.rf.24a70472f7f95f05c947926af1f92427.jpg,396,396,C
1295,O9_jpg.rf.24b9e4a13ab9b2daf02722e60c6adc58.jpg,372,372,O
1294,Z8_jpg.rf.2568ebce12fca75ea01fdba52145402f.jpg,406,406,Z
1293,Q21_jpg.rf.256b0a53ddc72bcf4cf825ced2bdcf44.jpg,378,378,Q
1292,P22_jpg.rf.258b8bb07325ba9658a42dc1a58a0c54.jpg,388,388,P
1291,X11_jpg.rf.24c39eda049a60a81ea1b483feb25c7c.jpg,404,404,X
1290,A21_jpg.rf.25989adc250642785d76ad99c56867a8.jpg,376,376,A
1289,Z26_jpg.rf.259ff45a4422de7a713213187a672883.jpg,402,402,Z
1288,G19_jpg.rf.25d4889a31164b3494f515798ea33f3e.jpg,404,404,G
1287,Y4_jpg.rf.26c328b536ab67549fff202d6c8b57ac.jpg,412,412,Y
1286,S18_jpg.rf.26fae01896d770e3e5f3ec2eeeefb035.jpg,412,412,S
1285,Q16_jpg.rf.25db6c9097b7706463db61747264488f.jpg,374,374,Q
1284,O5_jpg.rf.26378e1bbd33324ca6798e57eb7451a8.jpg,410,410,O
1283,L4_jpg.rf.26fe4ec6ee5b2a7f18a40972f3ca0cf2.jpg,392,392,L
1282,D22_jpg.rf.2713c3dcf25bc42a47fc94f8b348c215.jpg,382,382,D
1281,O6_jpg.rf.2706b558e6b555a698dcc7c175f7b53c.jpg,392,392,O
1280,J11_jpg.rf.2757f232e691dd82be0c0b8a6f8fb9fa.jpg,382,382,J
1279,E0_jpg.rf.2754d7217376d1e9cf151758879180f8.jpg,374,374,E
1278,N23_jpg.rf.276b21f6b1dc28644f2daeb05a56198b.jpg,378,378,N
1277,Q24_jpg.rf.27036337a85fbfe7eb30e1b7e75953ce.jpg,394,394,Q
1276,P0_jpg.rf.2780733313276a8a313ca86fbb89db4e.jpg,406,406,P
1275,V23_jpg.rf.279b03422f2622fbfae5c28d973abb0a.jpg,402,402,V
1274,D23_jpg.rf.27b0f27ac69ac1a2f0f72578d1c60bc7.jpg,384,384,D
1273,L4_jpg.rf.27d10f4c9a216e757bface0540f1d998.jpg,412,412,L
1272,T5_jpg.rf.27e7b3b0325343fcf5dfc41430a7cc20.jpg,384,384,T
1271,U17_jpg.rf.27ec0390a94f6b8517bd0757bf09761d.jpg,412,412,U
1270,W4_jpg.rf.27f188bfcc161a9bfb8d9e497ec708e1.jpg,410,410,W
1269,Q3_jpg.rf.27f364cf93f8a66e0f5b509cd1dbb1ae.jpg,378,378,Q
1268,V1_jpg.rf.281cc4bf3c98b5af94727d4b55f3ab25.jpg,408,408,V
1267,C4_jpg.rf.282bb2916760b438bbb9b4802ca6d51c.jpg,388,388,C
1266,D16_jpg.rf.28428f3a63f878279c5cfd6cb030ce37.jpg,402,402,D
1265,V16_jpg.rf.2885c17c3b1617053a09501090dbb45e.jpg,394,394,V
1264,R9_jpg.rf.2910775cee2e06ac1c54f826e5f75add.jpg,394,394,R
1263,N24_jpg.rf.288d32f81bd2ac5ae72b996e63f5590a.jpg,408,408,N
1262,A0_jpg.rf.292a080422ba984985192f413101af41.jpg,384,384,A
1261,K2_jpg.rf.293e6f972bf9ad34f687d8d97a545ec9.jpg,384,384,K
1260,Q6_jpg.rf.2990cf0353bee3233551a85b199b2aa4.jpg,388,388,Q
1259,V15_jpg.rf.29a167f2f0b250c923bf4d3748b1691d.jpg,378,378,V
1258,K17_jpg.rf.29c857c32684e8096d77de2260a071b2.jpg,390,390,K
1257,V20_jpg.rf.291705cde3583fa1336ed5505936c663.jpg,410,410,V
1256,G13_jpg.rf.2a5523617be9cbc99ee347a78b160cb4.jpg,384,384,G
1255,U7_jpg.rf.2abf77c1a2f2e49cbceff5a3880470f7.jpg,376,376,U
1254,H11_jpg.rf.2ad995e8992c5bb20f26b49b384c9dfc.jpg,400,400,H
1253,N17_jpg.rf.2ae0cad9995923d2a5e732cd45b88a7a.jpg,396,396,N
1252,N8_jpg.rf.2af37147b97d513636abfa807c617864.jpg,394,394,N
1251,N7_jpg.rf.2b30106404da5acfd47032fdd390fdd0.jpg,378,378,N
1250,S14_jpg.rf.2b2f15ec8208d5b596764271ebc6fac6.jpg,376,376,S
1249,H20_jpg.rf.2a387c4b793702418b600c8e3b4370c4.jpg,412,412,H
1248,L12_jpg.rf.2b89d0a30826c4f162b184d7cefc6829.jpg,410,410,L
1247,G2_jpg.rf.2bb4d04364c5e9af4fb6469ed97140e4.jpg,384,384,G
1246,U11_jpg.rf.2b6d6081a62c1243369c5bb8a3b145c5.jpg,382,382,U
1245,X17_jpg.rf.2cd75bf770afb6d9f0866ab3de70b333.jpg,404,404,X
1244,M22_jpg.rf.2cf0b07c63b1ef20e78df60f6a7b067f.jpg,372,372,M
1243,E3_jpg.rf.2d1c20e9ad51d82bc146b2638c62d694.jpg,400,400,E
1242,J37_jpg.rf.2bc8910528e862ba4d9d6d9587ce4914.jpg,410,410,J
1241,Q18_jpg.rf.2bc471b2f0b6bb8e693f918ed7e5de72.jpg,410,410,Q
1240,Z8_jpg.rf.2d9d5a30a4d9248bc91940c7c0fca4ef.jpg,398,398,Z
1239,G10_jpg.rf.2ddc37c5b69f1b2fed57e5bb4d24a76d.jpg,406,406,G
1238,G24_jpg.rf.2d7da0e518e9ec97adc32cb5324d3b5a.jpg,402,402,G
1237,S28_jpg.rf.2dcf598761ec42989392fc8bf34d7dad.jpg,380,380,S
1236,S15_jpg.rf.2df0e77b22859f563d942c137c3425b8.jpg,410,410,S
1235,U16_jpg.rf.2df4b769fdadf2222247b5b6507013b7.jpg,394,394,U
1234,M23_jpg.rf.2e9dcb0d37abe04cf9f23fe2ee9b2217.jpg,398,398,M
1233,G19_jpg.rf.2eb8c3a2a40db346a865d9176d5e85d9.jpg,384,384,G
1232,D22_jpg.rf.2ec95d01cf28769cc931499e20a1e947.jpg,396,396,D
1231,P21_jpg.rf.2f03494f57e3a11e365494e9e2bfbbf5.jpg,394,394,P
1230,N21_jpg.rf.2f2b683c4b9ca5fa2ed3ab67c220c407.jpg,374,374,N
1229,X1_jpg.rf.2f5945cb8fc34dfe7291f978713425c8.jpg,378,378,X
1228,K15_jpg.rf.2f6c96e13c958989d68f37166811f556.jpg,376,376,K
1227,S9_jpg.rf.2f8f58716b3ec8ff40d81f06bccc9b41.jpg,398,398,S
1226,Y24_jpg.rf.2fc348b87e7f265e285ccf133587287b.jpg,384,384,Y
1225,L15_jpg.rf.30a926e11a9d57d1e1ecdbc45103a4f2.jpg,408,408,L
1224,G14_jpg.rf.2ffcf532fd38f708a7120fee5dd790f6.jpg,406,406,G
1223,R10_jpg.rf.3104d68ab7dbb2fc602a330051b54f5c.jpg,408,408,R
1222,D6_jpg.rf.310928f6aff2a1759ea1f35fe4e23829.jpg,410,410,D
1221,L22_jpg.rf.312f5a5d43310b114155a05de49cd369.jpg,392,392,L
1220,K26_jpg.rf.311c9f6afc5c1f34b2edced42d532e5e.jpg,408,408,K
1219,F2_jpg.rf.3195e385b2d7b76bdf43f3cfb991fcca.jpg,378,378,F
1218,S24_jpg.rf.31da2525e9bbb5925bc84dd5c33db55e.jpg,392,392,S
1217,D3_jpg.rf.321ad8bad5a67b3e9a026bde0a51f3cf.jpg,380,380,D
1216,G14_jpg.rf.31b6b422b2e73367f2d4faf5f25ea235.jpg,412,412,G
1215,W0_jpg.rf.321e159ee0a16a055a567993d50722bb.jpg,376,376,W
1214,N19_jpg.rf.323481105ccbc19f972588550729931e.jpg,392,392,N
1213,D9_jpg.rf.3250856285c1a522ba86b3135b5dd6bc.jpg,380,380,D
1212,T7_jpg.rf.3273d36d776a1f2acbd2475bcd72c564.jpg,382,382,T
1211,I21_jpg.rf.328043e6a4cb647415a0d701e169bcab.jpg,404,404,I
1210,Y1_jpg.rf.3291c526239fe499e71074ac7b608064.jpg,412,412,Y
1209,S11_jpg.rf.32acbe34c48eef8becffe27ff157f8c9.jpg,396,396,S
1208,H8_jpg.rf.32c990f95933e9fadc758fab16dd9652.jpg,408,408,H
1207,S10_jpg.rf.32f769670a7251b82f5b8187a8274414.jpg,372,372,S
1206,V26_jpg.rf.33197408e4f957f8bf2918b6ab9e5785.jpg,388,388,V
1205,L3_jpg.rf.334868fc379e7e393fc06c3abcc8a86f.jpg,392,392,L
1204,J17_jpg.rf.33b53f00f2a409ae181820e821ec0c99.jpg,380,380,J
1203,W9_jpg.rf.3354f7513a82092c7fc119d398ce205a.jpg,392,392,W
1202,F18_jpg.rf.33f3170d173a45d53020b5ec05f14177.jpg,412,412,F
1201,B4_jpg.rf.340e2abfd4dec3e8b7833183326edb6e.jpg,390,390,B
1200,R7_jpg.rf.34371b1e19708906fc3eea222974199d.jpg,374,374,R
1199,F24_jpg.rf.34619c0aba15b011b6da4db4f6b99b2f.jpg,388,388,F
1198,R24_jpg.rf.34c0881c64093c0bee55f3cb196432aa.jpg,388,388,R
1197,L12_jpg.rf.34dafed010cca8b7e44c68bfb3565eee.jpg,416,416,L
1196,G1_jpg.rf.34e80fdfa0b2e1bf7f225d99c2b92029.jpg,396,396,G
1195,W1_jpg.rf.34eb56825318b1dbbe657280dafbdd11.jpg,400,400,W
1194,C11_jpg.rf.34fb9796ca851b3ee71f5192d7282bc3.jpg,406,406,C
1193,I21_jpg.rf.35280a1897b5390adfd5559e7100668e.jpg,404,404,I
1192,Z17_jpg.rf.3566bf3ec99ced310d9ae61e1193b4cd.jpg,384,384,Z
1191,P21_jpg.rf.35fa0cf3644b08c3d77646ae4efcac5f.jpg,388,388,P
1190,H24_jpg.rf.365026af59e4a379bdc21ebf4053dcb8.jpg,374,374,H
1189,A15_jpg.rf.3654aa7d6bfc342c9ad99f500fd2aaf9.jpg,394,394,A
1188,D21_jpg.rf.36bbb4bd98a5d22d51fa73171a78a56e.jpg,384,384,D
1187,E11_jpg.rf.36d9fe2054ede595e2900c038368c6a9.jpg,400,400,E
1186,J37_jpg.rf.35f55f1d34f5a23d72ca9ed40b1017d8.jpg,390,390,J
1185,I2_jpg.rf.373a087d55da938d9af4b1e7f9e496d3.jpg,382,382,I
1184,R14_jpg.rf.377a4ada331d1cde46c85c20c2e1c666.jpg,394,394,R
1183,S14_jpg.rf.37a7c8deb4442739e207c7b0d9b7c330.jpg,406,406,S
1182,J20_jpg.rf.38479eca7c67ff9cd7930c7b103f6701.jpg,404,404,J
1181,H2_jpg.rf.38670f1a9c2ae2036f3c80321491573c.jpg,388,388,H
1180,Y12_jpg.rf.38fe9e5980a2feab18e7aba1f019ee5c.jpg,378,378,Y
1179,K7_jpg.rf.390eec4dd3547ab21bf095c43c6bc63f.jpg,380,380,K
1178,A6_jpg.rf.37c4f4c6b45868e088a8ac2bc517952a.jpg,416,416,A
1177,P19_jpg.rf.38628e1b6f02c0eaf1c7b29e042ce7d1.jpg,388,388,P
1176,Q18_jpg.rf.38cf1d50ecb618d4edd52cae1514c242.jpg,390,390,Q
1175,X7_jpg.rf.396a799d9e21c4fe1477d646dccdb4e3.jpg,408,408,X
1174,U22_jpg.rf.39fad8c864b033c16fc603832210f558.jpg,396,396,U
1173,Z0_jpg.rf.3a019ac06f74cb1935de466f8c861403.jpg,376,376,Z
1172,C0_jpg.rf.3a02e62f278a8a5df84948f70bbe7869.jpg,382,382,C
1171,K16_jpg.rf.3a0bead42b023526f5b53ddef20a7a3b.jpg,412,412,K
1170,X19_jpg.rf.39638b27f1b0cea46dfac471cadab50d.jpg,398,398,X
1169,E8_jpg.rf.3a37a15d81bddd0e01b36294b3a51016.jpg,374,374,E
1168,F1_jpg.rf.3a7320cc94f5c1c0635c025044208abf.jpg,406,406,F
1167,A2_jpg.rf.3aadc5ebc1dc85f9cf01c034e89e427e.jpg,416,416,A
1166,F21_jpg.rf.3ab7682cd06b3dd8352daf732006b86c.jpg,384,384,F
1165,P3_jpg.rf.3afc126bea6d81c266ff1b44e4140c0d.jpg,374,374,P
1164,L20_jpg.rf.3b6c700ee2bb2b8f8ede77ec7ca769f4.jpg,404,404,L
1163,X10_jpg.rf.3b7703995c843a90f795c9be98cf8c31.jpg,388,388,X
1162,B18_jpg.rf.3bcb3d00d3926a2486cbc51c5c42c0c1.jpg,388,388,B
1161,J18_jpg.rf.3c43fb7b7a2491098af538b44f7513b5.jpg,388,388,J
1160,B20_jpg.rf.3c4ca5b3504725a29e48f74c7b3b92d6.jpg,374,374,B
1159,N19_jpg.rf.3cb994dcc8167de968fd41655a85a72b.jpg,404,404,N
1158,Z26_jpg.rf.3c87af0145dabb4105f09c8715829d3f.jpg,374,374,Z
1157,I20_jpg.rf.3cfb476851528323ae997257eadcd806.jpg,400,400,I
1156,E23_jpg.rf.3d39a3ef37b87db044db05ad192afa77.jpg,412,412,E
1155,X8_jpg.rf.3d850cd69fadca04c34ea0d6e21bd0d1.jpg,372,372,X
1154,A1_jpg.rf.3df907205b348d5975bf8db94ec8c092.jpg,382,382,A
1153,X11_jpg.rf.3e4a5ef511b90f3c1ba6479302df1406.jpg,380,380,X
1152,X1_jpg.rf.3cccdc1794022c52d9d647df08942bcd.jpg,394,394,X
1151,N10_jpg.rf.3e94be30757dd080203abd8a966f5a89.jpg,400,400,N
1150,R9_jpg.rf.3e82bd75477219f4029463bb7b768829.jpg,380,380,R
1149,M23_jpg.rf.3e9d7973153921e680fa40d75687c927.jpg,376,376,M
1148,V16_jpg.rf.3f12546ed0295eb779ba0b2d763327ad.jpg,410,410,V
1147,H24_jpg.rf.3f2729855fa8123d3a43e178b59f4f73.jpg,396,396,H
1146,E10_jpg.rf.3f2308817ab827f37fd416df0490b9c4.jpg,390,390,E
1145,K11_jpg.rf.3f4cc1dc342987f0cc293ae1f3cae8cd.jpg,400,400,K
1144,C18_jpg.rf.3f6c5a43677a27ecbe3a5796b44f8ddf.jpg,404,404,C
1143,N11_jpg.rf.3fa5777283528ad4f276dc62a95a7bbc.jpg,406,406,N
1142,M18_jpg.rf.3fae46ff6a91c58fb10a10e854f3768e.jpg,394,394,M
1141,I10_jpg.rf.3fb784cb3821c584a4a97ea0bec750d0.jpg,392,392,I
1140,N0_jpg.rf.3fbb2b164f02bc50f8bef8873315dfe5.jpg,412,412,N
1139,O2_jpg.rf.3fd2151e4d7981b8547c2889f9ed7cd7.jpg,394,394,O
1138,W4_jpg.rf.407981a1c9711a18ec27088861ce5ed8.jpg,400,400,W
1137,Q1_jpg.rf.3fe3fa0e6a56f3183eb66124117a35fe.jpg,400,400,Q
1136,O10_jpg.rf.40a31895060cd143e4af6bb0958b632d.jpg,396,396,O
1135,K11_jpg.rf.40bba249f19943166c129fd48c7352ae.jpg,402,402,K
1134,M1_jpg.rf.411bd85388ef9cb634f3d11439466266.jpg,376,376,M
1133,A11_jpg.rf.4126b388a474440c970d85a3b2a7bf09.jpg,394,394,A
1132,N3_jpg.rf.412d6fdc8fa412c3276e1b18fc565376.jpg,398,398,N
1131,F15_jpg.rf.4135894f44c4f8f5c8f0667b89a8fd65.jpg,380,380,F
1130,K26_jpg.rf.41c72b8c830faee9c21ffbf48a87ec63.jpg,390,390,K
1129,E24_jpg.rf.41db0e0cc4f0f0041c9d08d0a40b683b.jpg,378,378,E
1128,I7_jpg.rf.41fd04225de381ec22718cfa19e1d838.jpg,390,390,I
1127,M3_jpg.rf.421bf4b4026eefa77eca4eb294ff69ab.jpg,398,398,M
1126,U11_jpg.rf.42a7d9d39bc5a04e527a806bf5d11e70.jpg,410,410,U
1125,Q1_jpg.rf.42312e1e9361c3250d3a36fa95dc870f.jpg,410,410,Q
1124,N0_jpg.rf.42b5818c7451bff8f1a419d0517bd766.jpg,388,388,N
1123,R3_jpg.rf.430c822f14483f56ac3bcdd51038f71f.jpg,408,408,R
1122,A25_jpg.rf.433d7879c39d43659d5ec56d0d55bb8f.jpg,396,396,A
1121,M15_jpg.rf.4385f93af3c86d7db4299de00749d8df.jpg,380,380,M
1120,A27_jpg.rf.43d15c227b557017a01eec793a1a73f8.jpg,384,384,A
1119,D13_jpg.rf.43b646db63d3edb337759e6108d70788.jpg,412,412,D
1118,H7_jpg.rf.43f9bd777535c133be749dd7a2a02f94.jpg,410,410,H
1117,P16_jpg.rf.4403a1f4444c99219aaed32e4cfaa733.jpg,394,394,P
1116,U1_jpg.rf.4493fcffd1fbc47abc773a4872208b08.jpg,408,408,U
1115,U23_jpg.rf.4486f88ed4e3d7916dccce56abb42da5.jpg,394,394,U
1114,R12_jpg.rf.44c10c382585b30f761f68712e1417ec.jpg,388,388,R
1113,K2_jpg.rf.44d827e0289600627e1fcc43197301cb.jpg,400,400,K
1112,L7_jpg.rf.44e7cef3ea780884ef5bd22c313cf34e.jpg,388,388,L
1111,A13_jpg.rf.4533aea9a6c32fecadcd1d1963e7dc78.jpg,416,416,A
1110,S24_jpg.rf.45ab42883d54a69d1c7c2ec0c45a92c1.jpg,388,388,S
1109,C4_jpg.rf.45d9308b1e63d4ff55615b0d5e3fa96d.jpg,410,410,C
1108,F12_jpg.rf.458f15ee20731a757487fa87ed9db9f1.jpg,398,398,F
1107,F16_jpg.rf.46171e20f1d7705061ed245059d607b6.jpg,382,382,F
1106,F1_jpg.rf.45e58e9dc2196990d17131271f112f66.jpg,380,380,F
1105,W17_jpg.rf.4653c954edbe027131c19e85f29305a8.jpg,416,416,W
1104,K8_jpg.rf.470f8eb6fafc48ca3332fcf6dee06c59.jpg,398,398,K
1103,Y8_jpg.rf.471a4b651ce3aba784805e5373e7994c.jpg,372,372,Y
1102,B17_jpg.rf.47684bd82b6f784ab02cf17155f9fbd3.jpg,392,392,B
1101,A16_jpg.rf.4792e25fdaf24e4180ae1a9c1513a39a.jpg,400,400,A
1100,I2_jpg.rf.47b23dfae90e651bc47ec0c850c74145.jpg,392,392,I
1099,Q11_jpg.rf.47af03900b486f8e43485cae66983972.jpg,408,408,Q
1098,N4_jpg.rf.47f777d2f2a24ae7e8468e137e6abdaa.jpg,398,398,N
1097,C11_jpg.rf.487d3d40a9e7629351ce425e42a28f03.jpg,412,412,C
1096,G13_jpg.rf.489885afbbdcafca479ea1abf7000047.jpg,374,374,G
1095,R23_jpg.rf.489dad0a6127c2526aaf8c63c1af49ea.jpg,402,402,R
1094,D5_jpg.rf.48b54c057f7fd6feec177dbc7c467b97.jpg,380,380,D
1093,Y22_jpg.rf.48c04a6138632a7ffd83462bb5c0bf8d.jpg,378,378,Y
1092,I20_jpg.rf.48cb8523d8325ef59931ca058774bf5e.jpg,410,410,I
1091,F9_jpg.rf.49530fa808c83a35dc0e2520760a29dd.jpg,400,400,F
1090,K22_jpg.rf.469ede252b621a64443d4da70d3fb7f6.jpg,384,384,K
1089,C14_jpg.rf.4990e1d25f4caabefcdfcdc245853913.jpg,378,378,C
1088,Z21_jpg.rf.499ec8f386dc9e8e7e4ec234383f1d6c.jpg,416,416,Z
1087,N23_jpg.rf.49cada42ec712325879dc9f2e7596c4a.jpg,384,384,N
1086,G28_jpg.rf.4a10032944135ba76a28cd983c12ef82.jpg,388,388,G
1085,Z26_jpg.rf.4a1805ac52f6fe66a120b9b20b10f944.jpg,400,400,Z
1084,V18_jpg.rf.4a33fccff210f6d4a58eabee436761dd.jpg,380,380,V
1083,T9_jpg.rf.4a416bb3133ec9135d7cfd16d2ff5c04.jpg,404,404,T
1082,C6_jpg.rf.4a61ae566ed0f8a43b664e763cbce85d.jpg,376,376,C
1081,O21_jpg.rf.4a7d57ea5c92d11c03075179913b7ac5.jpg,382,382,O
1080,Y19_jpg.rf.4a8478c4a1261c876ab38626c779470f.jpg,396,396,Y
1079,A17_jpg.rf.4a8e1a1f1b440d03ba2e262405e72845.jpg,410,410,A
1078,B16_jpg.rf.4ad8c01d9397ef029a65dd0413e61dd7.jpg,388,388,B
1077,Q13_jpg.rf.4adb3d65e8f45c6d1fd51ea6ae071271.jpg,400,400,Q
1076,J23_jpg.rf.4a88d3146ebfb16329f569a79c15aa53.jpg,380,380,J
1075,U16_jpg.rf.4b122d169e259f162f3b5597922ea988.jpg,400,400,U
1074,N25_jpg.rf.4b16bfc968c7c1a77e53212a84a5a259.jpg,378,378,N
1073,G6_jpg.rf.4b96ecae283c576a63e4e27c3ae16263.jpg,412,412,G
1072,R9_jpg.rf.4bd4b9f469f4f87c6b6e0608fa8c39e1.jpg,378,378,R
1071,F20_jpg.rf.4be18d34047cecc606ca606bb967f0f3.jpg,392,392,F
1070,V15_jpg.rf.4c07dca8742697167d9c49a3f68649e2.jpg,394,394,V
1069,S20_jpg.rf.4c1445e9bcf4cc8670baf77a45acd14c.jpg,408,408,S
1068,Q16_jpg.rf.4bb45d54bcc5cf59b646870e86ade0b7.jpg,374,374,Q
1067,I12_jpg.rf.4c8263600f0c310868b55e13ee2bb2f8.jpg,380,380,I
1066,N20_jpg.rf.4cca7e9378f0fed1b5ff0c3ac2f57369.jpg,402,402,N
1065,P3_jpg.rf.4ced067aa5a9f506b6fda92e212a0f18.jpg,408,408,P
1064,I18_jpg.rf.4d1c8f0e37cae1a7436fa975e7fdaf0c.jpg,380,380,I
1063,L24_jpg.rf.4d41dc21185fc2668a72c3f2eb477179.jpg,380,380,L
1062,X16_jpg.rf.4d4d92171ef29789516fe1cf4fc75847.jpg,376,376,X
1061,I3_jpg.rf.4d858687a500b71952d8c05916e6c664.jpg,384,384,I
1060,B24_jpg.rf.4dafd9d56b7695644224f57e47c8abfd.jpg,380,380,B
1059,A2_jpg.rf.4dc4b7c0d6e8d3e1d8bf35ada540b366.jpg,402,402,A
1058,W6_jpg.rf.4e05a2411c56630c05b276ee7b2eee7c.jpg,390,390,W
1057,O14_jpg.rf.4e1fbfdcef04125a6f64eb03e394d184.jpg,392,392,O
1056,X4_jpg.rf.4e213026519c3044af45fe48a6be40b3.jpg,402,402,X
1055,I7_jpg.rf.4ecd2cd7882bbf1c49d3d4cdb836aa69.jpg,376,376,I
1054,X0_jpg.rf.4f091a725fa4add0baa525d84e695743.jpg,380,380,X
1053,E0_jpg.rf.4f0d29badc36513788ee34d8ecadbdf8.jpg,406,406,E
1052,W18_jpg.rf.4fa52e28d07065f0d17decb356fe85ec.jpg,376,376,W
1051,S7_jpg.rf.4fa907a7e1cb3135c192c8fa2dc3fda4.jpg,376,376,S
1050,O27_jpg.rf.5026ba77625aca8f5f531540ab99c881.jpg,408,408,O
1049,K10_jpg.rf.4ef455ac2f3f58e1d30adb86c07543b2.jpg,410,410,K
1048,F2_jpg.rf.4fdd2417e135e528cb0873738978cad0.jpg,410,410,F
1047,R16_jpg.rf.5008e64ca64722b238f88ffb294a87c5.jpg,378,378,R
1046,B22_jpg.rf.50d8ba3dbd3a5c10b161cadadbcc5b41.jpg,388,388,B
1045,Q12_jpg.rf.50e64595d65da5b53e0694b1596f55c2.jpg,378,378,Q
1044,E8_jpg.rf.51233f58587227a47ddcad11950d4672.jpg,394,394,E
1043,G16_jpg.rf.514f0da5f5350ee94c4e1937b2076fdd.jpg,396,396,G
1042,G27_jpg.rf.5175c016a4ba62b4c4c74d69bb681103.jpg,390,390,G
1041,S3_jpg.rf.519338be5baea0d10b44063693384d32.jpg,390,390,S
1040,B17_jpg.rf.5177d683638aaeb5b00b07bd2be26624.jpg,396,396,B
1039,L22_jpg.rf.519c99ef5b451159a253af7c640b0e40.jpg,406,406,L
1038,P11_jpg.rf.51d452c429f95a0b3980af6d04b96a24.jpg,374,374,P
1037,E21_jpg.rf.5291cbba4a6ded4b802a96850d92b745.jpg,384,384,E
1036,R4_jpg.rf.52a4a9dde06e8456d6cbdbc797e6a987.jpg,396,396,R
1035,E3_jpg.rf.531173dbb28813a479a0490af2f7a95d.jpg,402,402,E
1034,H12_jpg.rf.5239390ece4088ec70751c96cc04c7af.jpg,416,416,H
1033,Z24_jpg.rf.531c717ba4cc78d0baa3344f00867728.jpg,402,402,Z
1032,G26_jpg.rf.531f3dfc61f741a76de68b88e9bd52a1.jpg,412,412,G
1031,M2_jpg.rf.532390288aeaf32238115b13d1526d31.jpg,406,406,M
1030,W18_jpg.rf.53d0cf305fd4724556b411dd76363814.jpg,402,402,W
1029,P0_jpg.rf.53eb3ac143396f521ceb9b0a4578eb5e.jpg,400,400,P
1028,Q0_jpg.rf.53c81488ddd43440ae54c42ec77a987a.jpg,394,394,Q
1027,U4_jpg.rf.53f7810a427914bca323faa6e1309328.jpg,400,400,U
1026,K17_jpg.rf.54067dfb2c86d9ee494ea3d0a8dd7ccb.jpg,396,396,K
1025,T0_jpg.rf.5423681b3980accb3283c6ce648f141f.jpg,410,410,T
1024,K8_jpg.rf.5436c330dfe8c046ff3bf1a1c2b2f1f4.jpg,394,394,K
1023,R19_jpg.rf.5443f646062d2fdc9247fe2248995c89.jpg,382,382,R
1022,K3_jpg.rf.544b0d955d1da81bde0a204fd4db9573.jpg,402,402,K
1021,Z5_jpg.rf.544842f2941835d4960bd18e6ef49bca.jpg,402,402,Z
1020,C13_jpg.rf.54931a3fe5f245f52f99288e352b7d07.jpg,410,410,C
1019,Q1_jpg.rf.549679ae70c7c702815a3e63fac77cee.jpg,402,402,Q
1018,Y14_jpg.rf.54a7803bf94584c0168844c3f358cc41.jpg,382,382,Y
1017,R24_jpg.rf.549ced8a6f3f03f52259c80798d0b400.jpg,374,374,R
1016,I14_jpg.rf.54d6be466239ebe87c66ee9673404f40.jpg,384,384,I
1015,D8_jpg.rf.54f406f5e4d67f3edcb85e711f72450d.jpg,372,372,D
1014,P12_jpg.rf.54fa3c2b8bb09e2943b416ab3beec718.jpg,404,404,P
1013,O6_jpg.rf.549cefc0888919b0e25fc3c940e24660.jpg,406,406,O
1012,H2_jpg.rf.5500497089d9120021b30101f04af9b8.jpg,404,404,H
1011,K15_jpg.rf.5505ad8fdd2f515291b18f3392caa1df.jpg,410,410,K
1010,U14_jpg.rf.55178b98f2d7bc5769f44f3ab306f58f.jpg,412,412,U
1009,L6_jpg.rf.5592edce54a5b213eba0bd1d7412ed3b.jpg,376,376,L
1008,M17_jpg.rf.557d68355e6d2ec6d1c5a384368803c5.jpg,376,376,M
1007,I23_jpg.rf.55ba20132de172c54dfc3e951bb86616.jpg,406,406,I
1006,N17_jpg.rf.55dba65da797782cfc04964acc7c80a6.jpg,380,380,N
1005,J33_jpg.rf.560b70f3511771d3a993eeca560bcb9e.jpg,394,394,J
1004,R10_jpg.rf.55b9e76ebbeb46d518a63df7c7759312.jpg,378,378,R
1003,X22_jpg.rf.561d1dfcf38c9f341910d1a8bfebcf3e.jpg,400,400,X
1002,Z12_jpg.rf.563bc9989c617dafd753094b52a0d876.jpg,388,388,Z
1001,E10_jpg.rf.563d7d9228bc5e4eacc9272ba7a4c4b2.jpg,376,376,E
1000,N13_jpg.rf.5651d6cf59b38d4bfa691a9e73ca1c05.jpg,402,402,N
999,Z3_jpg.rf.56694b0cb356d57b9da4914993042958.jpg,378,378,Z
998,D25_jpg.rf.5699ee5a529664db698910eb4427c895.jpg,404,404,D
997,L12_jpg.rf.569ab0b8db5ad7708d32ac12ba7c7405.jpg,410,410,L
996,E12_jpg.rf.569e076c619b027c9d3258a6a85ae3c5.jpg,404,404,E
995,E6_jpg.rf.56aa1e8bdcb1e91cb8b7855a90f1f452.jpg,374,374,E
994,Z28_jpg.rf.56abff244017624ad386bb7036b39927.jpg,390,390,Z
993,W0_jpg.rf.56cbf53c6656f23683d8e61c3f5fd6ee.jpg,390,390,W
992,C3_jpg.rf.571f4682ead9e6b96d6f2417a0c542a1.jpg,396,396,C
991,E13_jpg.rf.56f0e141a9f408a54768dd8a920be58c.jpg,394,394,E
990,G15_jpg.rf.574694ebc6ae05a0a5c37c11afe73aec.jpg,400,400,G
989,Z19_jpg.rf.576d00ed48270b45b9a9739b5d067d6e.jpg,412,412,Z
988,P4_jpg.rf.5740f4225d8ac5e92cb8a3143c7a064b.jpg,404,404,P
987,F25_jpg.rf.5783053c7a9046e380cc6abd732ee315.jpg,400,400,F
986,E17_jpg.rf.5785a6c34d1091b28c58dc087e4daae3.jpg,400,400,E
985,I21_jpg.rf.57d19c1b96b44e9049c40bda73a4e968.jpg,394,394,I
984,Y19_jpg.rf.57e8d39c7574c6d5e607cdf7f490492f.jpg,410,410,Y
983,O7_jpg.rf.581e1f714baa39c534d2d9e4ccbfc12e.jpg,394,394,O
982,G26_jpg.rf.581ec377b69d4df5d5edced7c61cdce9.jpg,402,402,G
981,U23_jpg.rf.58bb2072e58c0111cf8a50ad02811446.jpg,410,410,U
980,H6_jpg.rf.59081b8942dff53572b60ef79b8b19ae.jpg,404,404,H
979,S29_jpg.rf.597153b714fdd14a6464995904b69968.jpg,406,406,S
978,J33_jpg.rf.58226b55090430d0220502a0f38d36e5.jpg,406,406,J
977,U13_jpg.rf.589f6536f29bad94a86050bc23e5c795.jpg,412,412,U
976,I22_jpg.rf.5a03e74c8ac6e76e9a1253936288bd11.jpg,376,376,I
975,O26_jpg.rf.5a108e7af0ac36cf632ffbf17c91164e.jpg,376,376,O
974,J25_jpg.rf.5a55ede6f176487927501a082f9d76bc.jpg,400,400,J
973,R14_jpg.rf.5a6cdf945acdd3553d8ea7a7b8097eec.jpg,394,394,R
972,U7_jpg.rf.5a8152cb6a3ae8b6b5907ab7e4f65638.jpg,412,412,U
971,O25_jpg.rf.5a99d7ede796b9c82cafb4eb3ab28916.jpg,376,376,O
970,N5_jpg.rf.5ae0d41f440e990939e5a00c9c78c847.jpg,416,416,N
969,I15_jpg.rf.5aecf78632ef4f7104b2fbfaa04327cc.jpg,390,390,I
968,C10_jpg.rf.5bcf569d31edc542fb1d103907414379.jpg,392,392,C
967,A7_jpg.rf.5bf80e89a1bbeeefced8bc7be1492987.jpg,374,374,A
966,H16_jpg.rf.5bcd358fdb7532d0df55fb0daf7f571a.jpg,384,384,H
965,S21_jpg.rf.5c209196fff85afc1848fd94a98dfbc7.jpg,398,398,S
964,H4_jpg.rf.5c319b485275c3943342a08ab8bac532.jpg,372,372,H
963,O24_jpg.rf.5c37f7d4bda24adaa54f1b57790bf204.jpg,396,396,O
962,N20_jpg.rf.5cb26ffeb850e2c2b61fe1be4d127340.jpg,416,416,N
961,W9_jpg.rf.5cb9add511c7dec710dd30c38471f4b5.jpg,400,400,W
960,C10_jpg.rf.5cfca3be91140ce90dd5dec8b3883120.jpg,382,382,C
959,H4_jpg.rf.5d2d0418f75c97688edbefb414df3efe.jpg,392,392,H
958,G19_jpg.rf.5d30b29d9e6ea44956e9fa7bfe5e6624.jpg,398,398,G
957,W20_jpg.rf.5d59cba5b627ae61936bb6e0446b1f2f.jpg,394,394,W
956,O16_jpg.rf.5d70dcd1f259f4a80654b898d50653b0.jpg,384,384,O
955,J31_jpg.rf.5d1f6a93e11cc7a83e1008aecdb8530a.jpg,410,410,J
954,D19_jpg.rf.5d9717c58ca187d979972e7de9894d85.jpg,412,412,D
953,J23_jpg.rf.5da77a10060d8ddb02727f9319b2d694.jpg,380,380,J
952,H26_jpg.rf.5e4006cd44bacf869a9d6b115eaa23ac.jpg,404,404,H
951,W8_jpg.rf.5e465a4c3818187343a0eaf0ff6ab69c.jpg,380,380,W
950,E1_jpg.rf.5e4aa7d8bb694ce6e44a2dee30b1128e.jpg,378,378,E
949,N11_jpg.rf.5e57c05bc09126545c50edcef455fa38.jpg,388,388,N
948,G2_jpg.rf.5ef944bbec904e80e1835209a42ae700.jpg,378,378,G
947,C20_jpg.rf.5f53a37a7de4c46ee072fdf44e4054f3.jpg,374,374,C
946,L20_jpg.rf.5f68d14427b676a7efc70bb1e037fd4e.jpg,378,378,L
945,I22_jpg.rf.5f6b5a80535e761434b472eccaee9290.jpg,390,390,I
944,Y2_jpg.rf.5fcab7c7743730aacebb649af41e8355.jpg,382,382,Y
943,L25_jpg.rf.602c7855b9282cca41a1303b8d8ce973.jpg,388,388,L
942,U8_jpg.rf.604374bda2bd03039aa170c2b97a4241.jpg,382,382,U
941,B24_jpg.rf.60571b4a4e55dc4bc9fce2e20acb0658.jpg,412,412,B
940,F6_jpg.rf.5ff3922de89f68c164ed7459c634919c.jpg,394,394,F
939,K4_jpg.rf.605ce13ae422d6f639de55692691009e.jpg,412,412,K
938,S17_jpg.rf.60db942013d6803a9b77f75534537789.jpg,404,404,S
937,M2_jpg.rf.61587c7ec4948584a1c7f58d4fde93f5.jpg,402,402,M
936,T15_jpg.rf.615b07342ad9ad4ef4ab50e33f15ea86.jpg,384,384,T
935,T7_jpg.rf.616213606335914d5d246b2579920503.jpg,372,372,T
934,V22_jpg.rf.619405fdf139eb6e993866f1dd47ad3e.jpg,374,374,V
933,H16_jpg.rf.60ec6583e22a3844b995a60db8777bc5.jpg,388,388,H
932,M16_jpg.rf.61d886ad907da30dde5b361424eca491.jpg,402,402,M
931,Z28_jpg.rf.61c88a1a338094c8780576206a29548e.jpg,416,416,Z
930,T14_jpg.rf.626d0233389df286553f913391e92a50.jpg,388,388,T
929,A1_jpg.rf.62756f145ef317dbd20ab731cbca01fd.jpg,402,402,A
928,E23_jpg.rf.62accdca7faaf361302a63b6e7fbae35.jpg,412,412,E
927,H26_jpg.rf.62b14021e7c28a6cf9664fc7ba7c8dbd.jpg,376,376,H
926,Q25_jpg.rf.63504e3540182fc45d609b400f730768.jpg,396,396,Q
925,Q6_jpg.rf.639c5cc2db5dee9b172d97b97879bced.jpg,406,406,Q
924,Y24_jpg.rf.62482bc4f89f6364a6dbf6bf80677932.jpg,402,402,Y
923,H17_jpg.rf.62871b0da000b5a6d1556a77944934ec.jpg,398,398,H
922,K3_jpg.rf.63e9984b36cf41a5adccc8c273db9e09.jpg,380,380,K
921,L22_jpg.rf.645981561f0e94c01dd7675886c5e65e.jpg,390,390,L
920,I26_jpg.rf.63e2457881e1d6a3c30efd146db8b644.jpg,396,396,I
919,G13_jpg.rf.649e1899c2d6950c74d72a07e00038a4.jpg,374,374,G
918,O18_jpg.rf.64adb5ed40e2fdfbe95507b0e04cc8fb.jpg,388,388,O
917,Z29_jpg.rf.64a16f3aec369f9abc15186097a1a1a5.jpg,402,402,Z
916,Q19_jpg.rf.64daae9ed66320b64ac522120df5297a.jpg,378,378,Q
915,U12_jpg.rf.64d4fb00dfa817e4e74e9d6082514d75.jpg,416,416,U
914,X15_jpg.rf.652e8d7c97087d735b294dd643febd92.jpg,410,410,X
913,K16_jpg.rf.654ed1a5caeef48c3e5836adbe6f4023.jpg,410,410,K
912,B3_jpg.rf.64dc52ffe5ef2168c1108afc30503111.jpg,388,388,B
911,B3_jpg.rf.64e0c9ae2fdb09151ec26fa10d8493ba.jpg,404,404,B
910,C3_jpg.rf.656ce5ccdfdd18b77ad33c0ece7ae8fe.jpg,382,382,C
909,P0_jpg.rf.658af5b3795355cdda3503198e1a9c34.jpg,392,392,P
908,Y8_jpg.rf.65bc9b18a01418ff5c91942f9baa51be.jpg,394,394,Y
907,M4_jpg.rf.65c764638b87aed72f7273b85d318b11.jpg,404,404,M
906,G12_jpg.rf.65da5ab9ac1f7c80acee8005820688cb.jpg,378,378,G
905,P13_jpg.rf.656b4793b735672344b19517592b268e.jpg,402,402,P
904,Z1_jpg.rf.65efaf3942003d2e4a4316f2309786f1.jpg,402,402,Z
903,F6_jpg.rf.65f35de3f176a0365d29b252790ee400.jpg,396,396,F
902,K3_jpg.rf.66651e2fd83f4622815c2635819be065.jpg,406,406,K
901,P7_jpg.rf.674a58fb29705a3ed5fb41f1ebea7cfe.jpg,398,398,P
900,V7_jpg.rf.660110da9912fceee0e30e2de049b856.jpg,416,416,V
899,Q14_jpg.rf.664d7a70451a8655827f624b0db4b548.jpg,378,378,Q
898,J19_jpg.rf.67079eada2061b781f593069eff8ad59.jpg,410,410,J
897,N4_jpg.rf.672fee7e550531a34318d29d779d82b3.jpg,412,412,N
896,U19_jpg.rf.6786d3d84d511278f6b5721fed8648ee.jpg,394,394,U
895,P22_jpg.rf.67d9823ec6302d86005f97a04e4a611c.jpg,372,372,P
894,Z0_jpg.rf.67eb05a396fbaabaad870ba7a2264707.jpg,412,412,Z
893,Z14_jpg.rf.6815934a383c43f127bbdc159c61be14.jpg,408,408,Z
892,F23_jpg.rf.683b7749581139984a7ed72f69c26c72.jpg,380,380,F
891,U10_jpg.rf.686a9ed2a15beba1eb56f6cdaf8d309b.jpg,388,388,U
890,D5_jpg.rf.690539382643498e08f43ad16d6a0991.jpg,384,384,D
889,Q5_jpg.rf.6950fad6e3271e171f18c623a76351da.jpg,406,406,Q
888,X5_jpg.rf.694d75a9915efefe09b6e158eb529504.jpg,384,384,X
887,V7_jpg.rf.695d77c9f5f717ca1b048563c888dc9d.jpg,388,388,V
886,S9_jpg.rf.695f76e3640404b5022746170b2daf3f.jpg,394,394,S
885,X2_jpg.rf.69b718ce040a23218a95c8cc852b5ca4.jpg,406,406,X
884,L7_jpg.rf.69f54c5378bc15c973f5c4c412b1dc9e.jpg,384,384,L
883,J35_jpg.rf.6a007ec1b9ff32872252c250b01e4b2f.jpg,376,376,J
882,V9_jpg.rf.6a272dd6d342fef3d02b04f418ee9fa9.jpg,398,398,V
881,X25_jpg.rf.6b245e6951c33e04bd4e9b0cd203e8e5.jpg,392,392,X
880,A4_jpg.rf.6b68517bcc691a09eae8e2567d110cf0.jpg,410,410,A
879,M0_jpg.rf.6b591dfe6ceae47f02587b0d55835a81.jpg,374,374,M
878,I8_jpg.rf.6b7ed6a1aa535d84b7d5762ba3b4e813.jpg,398,398,I
877,W6_jpg.rf.6b9326c321d2aee997214bd374e78a6e.jpg,396,396,W
876,R12_jpg.rf.6bd167f266c932dc016d4c39328d773c.jpg,378,378,R
875,Z14_jpg.rf.6bed4c2de295f57f0da7f7ad1affd060.jpg,374,374,Z
874,X2_jpg.rf.6bf9668a90c77d52fc8cb7b5f3a1ca6e.jpg,404,404,X
873,V22_jpg.rf.6c12c374bf2a331b4e3b7bca2d709468.jpg,416,416,V
872,Q24_jpg.rf.6b761eafd611da4e06fe835d295dc9a7.jpg,394,394,Q
871,E9_jpg.rf.6c965b36d65ab495d177aca9d53190f7.jpg,392,392,E
870,U17_jpg.rf.6cbee7905089ec10bd165490798d478e.jpg,376,376,U
869,E15_jpg.rf.6cea2b32a4805735fe5fed0e95ef23e8.jpg,374,374,E
868,N8_jpg.rf.6d28d8486b474c61799e19b62a718168.jpg,388,388,N
867,Q17_jpg.rf.6cbc5952b65a284bfce8caaee4794e56.jpg,378,378,Q
866,A28_jpg.rf.6d36fa4cb06007c23a30414814b24507.jpg,398,398,A
865,F14_jpg.rf.6d3c6163a285eafd8b0e996cee8ebcd4.jpg,382,382,F
864,X21_jpg.rf.6d5aa7c163e8126919e743c328757527.jpg,406,406,X
863,Y3_jpg.rf.6d6ed02eb1111c3fb9ce6898574fdcc5.jpg,378,378,Y
862,B7_jpg.rf.6d8e67f52ae87d4c5bc21cb36134202a.jpg,404,404,B
861,N2_jpg.rf.6dbb1a476cf95ed2297387a6499250bb.jpg,402,402,N
860,V6_jpg.rf.6de159f5c0a51aecaa23d4b8015761a3.jpg,376,376,V
859,I11_jpg.rf.6e2295c3fbc52d99e8f18010c836f1c0.jpg,404,404,I
858,C0_jpg.rf.6e38ba21cab2531e3d6f2e455a44a8a9.jpg,394,394,C
857,V18_jpg.rf.6e602adf4f2b566b81d60cd4ba06f211.jpg,378,378,V
856,W2_jpg.rf.6ee90ff8ce548d835f5b001b3af0ab42.jpg,398,398,W
855,S19_jpg.rf.6efc512cdb20635f2f91b5e949af7bee.jpg,406,406,S
854,L18_jpg.rf.6f057ffbef34e2b0b5049c635abc87f7.jpg,408,408,L
853,Q3_jpg.rf.6f37d6bc8296259ebc13369a9daa11b2.jpg,378,378,Q
852,Z29_jpg.rf.6f544d1ec011d28eb0783d266b0d7096.jpg,404,404,Z
851,W21_jpg.rf.6f567fbe6f43e8ad9b965d0d3eecb0ab.jpg,390,390,W
850,B22_jpg.rf.6f7022546e944e83aef466d6a63b5f8c.jpg,384,384,B
849,J7_jpg.rf.6ee8599a36d18240149dd36c1b163c99.jpg,410,410,J
848,L9_jpg.rf.6f71c56b50f7023e5a43aa5764383b03.jpg,382,382,L
847,V20_jpg.rf.6fcac88e662687d530f439f9bb7352cf.jpg,374,374,V
846,D24_jpg.rf.6febc371f35b6c99a7426f51e9e7f95f.jpg,388,388,D
845,C14_jpg.rf.6ff8a8c481016a9920f334954c7f0130.jpg,410,410,C
844,D16_jpg.rf.7011c9a2b844ecbebf09f7321d46588d.jpg,404,404,D
843,X6_jpg.rf.7018afadc8bea75cd58c9fd04f754dc7.jpg,406,406,X
842,Z23_jpg.rf.704b2da7d23019957181835f96e42cf3.jpg,378,378,Z
841,U13_jpg.rf.701e44546d15ae35e211e91443875bc8.jpg,378,378,U
840,A6_jpg.rf.705f49da7ca17d45761036a033a8330d.jpg,384,384,A
839,M0_jpg.rf.70755ca20acf9d12f01564b1cda38e15.jpg,400,400,M
838,D18_jpg.rf.70d46390262abc9a286556c7ba86a8ae.jpg,380,380,D
837,K21_jpg.rf.7121e10074271243aa0ec75982915234.jpg,384,384,K
836,C24_jpg.rf.71696292097ccc75c635401c514e235e.jpg,398,398,C
835,S10_jpg.rf.718df1410683539001eb344f2726ae41.jpg,376,376,S
834,S14_jpg.rf.717b5283ad7bff53fd289794838c3993.jpg,406,406,S
833,F25_jpg.rf.71a50320caff7a1dceb2ca5543f7e050.jpg,416,416,F
832,K7_jpg.rf.71e354164bcf1240f22093e024a08d34.jpg,398,398,K
831,T7_jpg.rf.72032e82815b428438cd19eb49492308.jpg,394,394,T
830,R3_jpg.rf.724d36a377db414976fd67a568cdb63d.jpg,400,400,R
829,G2_jpg.rf.72578111ac5b7f7ba7e87a424664ee5e.jpg,402,402,G
828,W17_jpg.rf.7269833fa03d4962655240ad24e39cff.jpg,382,382,W
827,J34_jpg.rf.72b4fa826c3a86e054efb29ff17b98fc.jpg,388,388,J
826,V15_jpg.rf.72f8ed121d02ecb661d91b151ef890e0.jpg,404,404,V
825,J22_jpg.rf.7329cb4fee2b6670cf2cdd3dd5f6af74.jpg,392,392,J
824,Q15_jpg.rf.738b99a91e16113998c2f42f069c3e59.jpg,400,400,Q
823,O10_jpg.rf.738f34160331284332b6641740b596f3.jpg,400,400,O
822,J7_jpg.rf.72b76afb25ab19cedb77cb46f392e28c.jpg,388,388,J
821,O19_jpg.rf.737f00e3fbeb99c9b89b4d7ade2481e6.jpg,404,404,O
820,I16_jpg.rf.73d93bee08f11aafa34f97e134dfbb5b.jpg,412,412,I
819,T10_jpg.rf.7441b40b26c6708b78fd1a9c0b20789b.jpg,388,388,T
818,O2_jpg.rf.744b3c690627bc4f831a4534ffd7b728.jpg,374,374,O
817,I8_jpg.rf.74e4b289a4a3025955d4ccd2a8e4bac7.jpg,378,378,I
816,A5_jpg.rf.7509038ff9765a183ca15e82b511d200.jpg,390,390,A
815,U19_jpg.rf.7509f6e7de716a5dce4e067512cbf66d.jpg,412,412,U
814,J32_jpg.rf.753bdd7415dbf63bae9f98b259982a05.jpg,396,396,J
813,W14_jpg.rf.755b789c31b08e83cafa0bd7ddf27dff.jpg,400,400,W
812,L1_jpg.rf.758061deebf588e6a891a2060a266497.jpg,408,408,L
811,S5_jpg.rf.7391e9787825c7fa0c6df841ecb21db8.jpg,416,416,S
810,B2_jpg.rf.75d0fd9f5abd7f4bdf5f27fdc57c3d54.jpg,404,404,B
809,L20_jpg.rf.75e8533a95c965196672103d0673e74f.jpg,394,394,L
808,X1_jpg.rf.75fa4a2cec8c5c91b5436756022a9449.jpg,376,376,X
807,X3_jpg.rf.766ff8ea121f20b204ae9ff95550e791.jpg,374,374,X
806,Q11_jpg.rf.769cb73acf62f133cec01666f6a1cac6.jpg,394,394,Q
805,D22_jpg.rf.769f5763e99544f61ad4c8cec41ab18c.jpg,404,404,D
804,N25_jpg.rf.76a1e35c1de704bee09cbf7dcc6cee7b.jpg,394,394,N
803,V19_jpg.rf.77360f0e81105cf1800e43e703786c43.jpg,398,398,V
802,S18_jpg.rf.77497bf145059f4112fa3ab70993ca6e.jpg,392,392,S
801,E6_jpg.rf.776022b662ddf22f0e3e8e0f59059421.jpg,384,384,E
800,X23_jpg.rf.7761f3c810024196159dad8e5dc79a84.jpg,416,416,X
799,Z5_jpg.rf.77815fbd61ec215d563a02911a47b9de.jpg,392,392,Z
798,I18_jpg.rf.779d6952fc15d26726ad7121bea54296.jpg,388,388,I
797,D6_jpg.rf.77a2c550063bcf698e4ad12498fdd339.jpg,406,406,D
796,I5_jpg.rf.77b81a33d4ef3602a2a701c89c871213.jpg,400,400,I
795,P12_jpg.rf.77ea9a7ad9f24a2cdae79b6298b8283e.jpg,380,380,P
794,L19_jpg.rf.780a8f4e548149a1e6b25dd196fbac5a.jpg,412,412,L
793,L21_jpg.rf.7871d15d95932860cb2bec9bb5062889.jpg,408,408,L
792,T6_jpg.rf.780ac7665c045cb032fdc659abb5f06b.jpg,382,382,T
791,I16_jpg.rf.788433321164c435001c88f30e1e4053.jpg,384,384,I
790,L8_jpg.rf.78a38f69775f7d484a3458d8c5672374.jpg,406,406,L
789,P16_jpg.rf.78e1dc06dd496f43b5e25f84d4a8b036.jpg,394,394,P
788,F23_jpg.rf.7885d9deccd14a4f1cca3a3d063da071.jpg,390,390,F
787,Q0_jpg.rf.788e5476de2964ef2f88d5d8bc871f2e.jpg,408,408,Q
786,V17_jpg.rf.78e7ba590934b81ba324e211a223f70a.jpg,408,408,V
785,F10_jpg.rf.79272ca3dab510ac7c2c1a239a9e99fb.jpg,384,384,F
784,R7_jpg.rf.79a0d01d7dec5037a239d1539a24d77e.jpg,380,380,R
783,H20_jpg.rf.7a6d151089f099699173076d69dbe636.jpg,384,384,H
782,L9_jpg.rf.7ae0279411ee9abb78e05f61993bb8de.jpg,408,408,L
781,H24_jpg.rf.7b186d18aee436d69a559e3b7b03236f.jpg,402,402,H
780,F10_jpg.rf.7b3d024294d6ec1648a41eef7cf4b16f.jpg,408,408,F
779,Q23_jpg.rf.7c22e13c63bf9935a876dadc7572710d.jpg,384,384,Q
778,Y18_jpg.rf.7c5e33e0f98eaa1b200e32027572bad2.jpg,374,374,Y
777,E14_jpg.rf.7c6faed376e1936c99234c1ff76e4fa2.jpg,416,416,E
776,U1_jpg.rf.7cd9bff5e8bce8381cde46cf1179cb85.jpg,390,390,U
775,Z7_jpg.rf.7cb4950bf562f45d9101d6991f9adf2a.jpg,384,384,Z
774,S8_jpg.rf.7d5a62b1d2bb4d9073c652413b1f959a.jpg,396,396,S
773,J23_jpg.rf.7d4060f073e849a7d7980866f41c4a1f.jpg,404,404,J
772,F20_jpg.rf.7daa4728bbca605707e66e384e94efd6.jpg,374,374,F
771,A19_jpg.rf.7e2d39113f47c5516c279bcc8d4ff305.jpg,382,382,A
770,V23_jpg.rf.7e70db109d1f99a9ac2ff79c22061433.jpg,392,392,V
769,Z7_jpg.rf.7ea521620bed1c0fb655c4ef5730a8af.jpg,394,394,Z
768,W11_jpg.rf.7ee0dbfc087573e240decfefea681112.jpg,380,380,W
767,X5_jpg.rf.7edb4daac65b4c5303b7451ba8c451b0.jpg,408,408,X
766,X23_jpg.rf.7f394bde10fc2888f91a578bceed373c.jpg,376,376,X
765,L17_jpg.rf.7f3965679f64cad13fd80b0adf625955.jpg,400,400,L
764,Q16_jpg.rf.7ee7bec8ce9f912402d0885adcbef1f9.jpg,376,376,Q
763,T0_jpg.rf.802ab2f9643731a33e5dbdea2569b539.jpg,406,406,T
762,Y15_jpg.rf.800b1b21d2f9e93031d47013fbb30426.jpg,376,376,Y
761,Q13_jpg.rf.8062f354cdada372d2f2b2167b6450d2.jpg,380,380,Q
760,O19_jpg.rf.806a40141fb6a96bc9cc5ac4cf9d415b.jpg,394,394,O
759,X25_jpg.rf.806e8ab40c1468fafd8d8d989e2c3d80.jpg,388,388,X
758,Z3_jpg.rf.807b0edf384fc6c34bc4715db2cb9a36.jpg,402,402,Z
757,U14_jpg.rf.80e617d1d5760f5eb3f7fcaa11169355.jpg,406,406,U
756,J2_jpg.rf.80abd0e0c48f73f8d31f18dbc61d41e5.jpg,374,374,J
755,Z8_jpg.rf.81357aeb1a89b914fc16d5a0418db9ff.jpg,412,412,Z
754,D3_jpg.rf.80f42802671cc6eb10df55ebf1e6c5fd.jpg,404,404,D
753,S23_jpg.rf.820f70663892576a36438ec1e13f0eac.jpg,384,384,S
752,S28_jpg.rf.81e8e1266bdac0df72d3dbf208d44e56.jpg,384,384,S
751,P19_jpg.rf.823884f9bbb962d01cdfc022ac58451b.jpg,384,384,P
750,M21_jpg.rf.82968e33ada0cfccf99bfe9ede419f82.jpg,378,378,M
749,Y9_jpg.rf.82c8cb326bd0bf2242bfc4a57633a0e1.jpg,394,394,Y
748,L19_jpg.rf.832c5fcb38723e855707daeed86c3e9a.jpg,398,398,L
747,G28_jpg.rf.835836116a319b633e705f59454c8fb0.jpg,402,402,G
746,T23_jpg.rf.83a11fc2daa046abd4a6017570f7dc43.jpg,392,392,T
745,D24_jpg.rf.83b837eb94ded68cc499bbcebb48cd93.jpg,380,380,D
744,D14_jpg.rf.83c48289205bac79f5ded79dae8c89c1.jpg,378,378,D
743,V4_jpg.rf.82eae9d66afc6dee50e487351f2c1b57.jpg,412,412,V
742,G22_jpg.rf.82ebba8bb04b90450c79a115a12f83a8.jpg,416,416,G
741,R22_jpg.rf.83015251e51ab253cf59cad62b59384d.jpg,410,410,R
740,U20_jpg.rf.84374a19603b78e186f750ead5b2b34e.jpg,400,400,U
739,C16_jpg.rf.8490bab18e5123726098ecde271f5372.jpg,412,412,C
738,Q2_jpg.rf.849cd7ad3d27934374c677f431e3a1a5.jpg,382,382,Q
737,A12_jpg.rf.84c6afc718de92ea268db5d3902ca2ba.jpg,404,404,A
736,Z21_jpg.rf.84fbe761068c40007e205f3287c3f5a7.jpg,394,394,Z
735,E24_jpg.rf.85152fe67dd065365015fe2828d2ea85.jpg,388,388,E
734,W14_jpg.rf.85192eabce77e8eaaddaf159095e0f02.jpg,412,412,W
733,K10_jpg.rf.84ac7b2316c2254df21a81de673b6a16.jpg,384,384,K
732,Y18_jpg.rf.84fd8f3d4922255eb54c3345bc458e5b.jpg,408,408,Y
731,N17_jpg.rf.852a86e64b757de1cef45750896659de.jpg,410,410,N
730,Y6_jpg.rf.85511be5d3fa7e4217fe984101e31189.jpg,396,396,Y
729,S5_jpg.rf.854d341353eb54971d0078dbed0b8dec.jpg,404,404,S
728,B4_jpg.rf.855448db45c9e5e96114cacd36450c20.jpg,380,380,B
727,H26_jpg.rf.858f0da66c30d7d93fc3dd58dbf677df.jpg,392,392,H
726,W0_jpg.rf.85b9a735331281ee1298ddb62e6d310d.jpg,390,390,W
725,I10_jpg.rf.85fea4ba832e90b3a943395089d8d558.jpg,398,398,I
724,A15_jpg.rf.864da902c564388b8d55ea151f88cb2f.jpg,400,400,A
723,M0_jpg.rf.864c0ee6368daf1d579baa9e87805ca5.jpg,390,390,M
722,S18_jpg.rf.867c634edf5e80364ed863a3b4fd6828.jpg,404,404,S
721,E2_jpg.rf.869925976f2698aa0b2558bb10d8c865.jpg,384,384,E
720,D18_jpg.rf.86ad518fbc07eab04daca71027cbe29e.jpg,382,382,D
719,Z29_jpg.rf.87099a6379e8d844b814b016e199758c.jpg,398,398,Z
718,M21_jpg.rf.875ea05a3363bd6af7c438b5b172b7d1.jpg,374,374,M
717,A24_jpg.rf.8787463d42728d041d7eb1c6344affa8.jpg,394,394,A
716,L25_jpg.rf.87c984e7c3672d7cfc5b699bf34ac536.jpg,372,372,L
715,Y15_jpg.rf.882102d74ab62a79519bede0ea81995e.jpg,404,404,Y
714,A21_jpg.rf.882e1a6a98ba26a8f7bc2c046f8b9d38.jpg,394,394,A
713,J29_jpg.rf.885f23a6e9ead8f175c148f3f848e876.jpg,410,410,J
712,L4_jpg.rf.8870ba7a738f38929002c310cb4a6c8c.jpg,380,380,L
711,G26_jpg.rf.887b7eedb4f32e7f622619094dc8a0b2.jpg,392,392,G
710,I26_jpg.rf.87ee1fb34abc9a9aca81529cc3fbccfb.jpg,398,398,I
709,W18_jpg.rf.88a2d1c4c0d79d673e3e910a9f11bdb8.jpg,398,398,W
708,G29_jpg.rf.88efa90e9360c7d3c45453fbd6ce0d4b.jpg,406,406,G
707,C12_jpg.rf.88f0f81906b3567c5f64dfce2ecb850c.jpg,400,400,C
706,J1_jpg.rf.89010181214a77e2b462a7c2d1102327.jpg,396,396,J
705,P5_jpg.rf.88876e50acdd0cd7011c92c6044530a4.jpg,396,396,P
704,B22_jpg.rf.8905ab6c344c024819318532f76caccd.jpg,404,404,B
703,E11_jpg.rf.8914cabd0f7d2ddb5cc828bd56abba3c.jpg,412,412,E
702,X13_jpg.rf.89181cc2106d7483c6e714651a6809d1.jpg,380,380,X
701,D10_jpg.rf.8971201a8118bb6a6a70b219a2c0c1e3.jpg,410,410,D
700,F20_jpg.rf.8982ee6b10f663fdbb8adf25df0a72d5.jpg,388,388,F
699,L3_jpg.rf.89ae62d6e96177f6b2effa3d7099f724.jpg,402,402,L
698,A28_jpg.rf.89b547e86e0129b28e5ec9a0f0dc2ed2.jpg,406,406,A
697,F21_jpg.rf.8a1bef00c6c060bb6d20a2049e524916.jpg,388,388,F
696,X3_jpg.rf.8aada5f5216964acbe1a7059df6fd570.jpg,400,400,X
695,J7_jpg.rf.89b97ef4c2c2a3e60227a1ad5f0f463a.jpg,408,408,J
694,R2_jpg.rf.8a5886aae0af7c4586b4c9ceed4962c3.jpg,382,382,R
693,L21_jpg.rf.8ab635023c1c27721280a23be88151ed.jpg,406,406,L
692,O1_jpg.rf.8adca4e6198e64065b9e858c2fd92dc8.jpg,394,394,O
691,F27_jpg.rf.8ae9c1ddd9227c712ba093adbc09273b.jpg,404,404,F
690,S13_jpg.rf.8b10a365a12c411efc3eaed20d331fc4.jpg,384,384,S
689,I11_jpg.rf.8b38bd4cb8ee06f67ff561a61bf44f66.jpg,396,396,I
688,E5_jpg.rf.8b50892e6dda6c506cccd3c28a9bc345.jpg,372,372,E
687,Y1_jpg.rf.8b70bdb98d870dc6c60ed99bbc279223.jpg,372,372,Y
686,L13_jpg.rf.8b9f6016c464208b7e9a256b0af470b2.jpg,382,382,L
685,Z3_jpg.rf.8baa18d239afd24c9596a2018f396373.jpg,416,416,Z
684,W3_jpg.rf.89810e57cd68a4727a34b59c8c57d2dd.jpg,396,396,W
683,W5_jpg.rf.8ac4994036346ca75709ae9b32fe1346.jpg,402,402,W
682,Q17_jpg.rf.8ae77931fc5bdbaba881697010fb63cd.jpg,398,398,Q
681,F15_jpg.rf.8be0ab85c65888d3a24b702ad31e728b.jpg,388,388,F
680,C5_jpg.rf.8c234b487fc6caac3607984cda82f9c3.jpg,416,416,C
679,L21_jpg.rf.8c73a6da61edec7f4e4b30691e66ef4b.jpg,378,378,L
678,S25_jpg.rf.8c93d05f0c69ad72f0c2c5e791968366.jpg,382,382,S
677,L0_jpg.rf.8cadc74362dc0e3baf3c3c62f21b11b5.jpg,408,408,L
676,Q13_jpg.rf.8cbfbd3699e8252108bcb98059a9b0eb.jpg,404,404,Q
675,E13_jpg.rf.8c785e9344df3875623480965766142c.jpg,394,394,E
674,B18_jpg.rf.8cb122d333bb54ab4b1d92bc349d14c4.jpg,406,406,B
673,D21_jpg.rf.8d3f3f78b3eaf92552b25bbda9f953f2.jpg,410,410,D
672,L17_jpg.rf.8d425d11b595d8b3bec0b5172c5a82c4.jpg,380,380,L
671,G25_jpg.rf.8d4d99d9b753446cea07a0cdf0e82fa1.jpg,402,402,G
670,Z10_jpg.rf.8d515a44b7041028299df663502388dc.jpg,404,404,Z
669,Q12_jpg.rf.8d5336d82241c58fbaea7ee00b13341c.jpg,376,376,Q
668,M27_jpg.rf.8d5e421d588ad3f38ffc4520c64c2ef3.jpg,394,394,M
667,S26_jpg.rf.8d8e30490eba9d6dc9b5f52689d4727c.jpg,396,396,S
666,E13_jpg.rf.8d68f0f191144ef3272f596f3b3ce637.jpg,406,406,E
665,V14_jpg.rf.8d8bd83ba75df87ffc409b021d544c1a.jpg,380,380,V
664,V9_jpg.rf.8dcb670f33e898df3554c09f06dbf0fd.jpg,406,406,V
663,F9_jpg.rf.8df49ef73dcb1a370e0cfd721e2029f9.jpg,402,402,F
662,J36_jpg.rf.8e09f1449219d3c7a6c44723a4df12e5.jpg,372,372,J
661,B11_jpg.rf.8e133c2f504842695f2a074e464141a9.jpg,408,408,B
660,M27_jpg.rf.8e4104d3a68dbc84340ceb7244e5e52c.jpg,382,382,M
659,A5_jpg.rf.8e80b6017d4cbe8756c372f28279e426.jpg,388,388,A
658,V5_jpg.rf.8ea4e30d9a7bc6e92bc4c23147c0e4a4.jpg,376,376,V
657,W3_jpg.rf.8eaecf72e4d1fa80dac7940cf74b0a03.jpg,398,398,W
656,I6_jpg.rf.8ecd1ecaea163c26732dda70b8ebab61.jpg,374,374,I
655,F15_jpg.rf.8ecd61d00c50966b18a478fe963c2356.jpg,398,398,F
654,C13_jpg.rf.8eef777130f21976679e4b061bf30662.jpg,410,410,C
653,C16_jpg.rf.8f1a72f117c660c87d1dd4129d41a4b7.jpg,398,398,C
652,W11_jpg.rf.8f55a307005dc0662c339508a859e4be.jpg,398,398,W
651,E5_jpg.rf.8f5d058da940c376e94246c9fc7e46f0.jpg,412,412,E
650,G0_jpg.rf.8f70b7b8329097881c61e1d535ca3e05.jpg,416,416,G
649,E19_jpg.rf.8fbfc3b0366982613362c159365d1184.jpg,412,412,E
648,T23_jpg.rf.8fdee569ef3a5783d6af151bbaf6a568.jpg,398,398,T
647,G8_jpg.rf.8f8d46c6c308f54ab98f9464806f86f7.jpg,408,408,G
646,X23_jpg.rf.8ff8efaa92cde6bb470f744dbad45f76.jpg,388,388,X
645,H9_jpg.rf.8ff9debc87f4e7a471620ebb53781ff7.jpg,394,394,H
644,V22_jpg.rf.901660086a0b7f81b683b913de8b2dbd.jpg,398,398,V
643,V23_jpg.rf.903082420cc8f45124bfc52a417f67e2.jpg,406,406,V
642,N26_jpg.rf.90951fa02c664e3174befe8cd8d1f552.jpg,392,392,N
641,P4_jpg.rf.90c5d227eef7d4787eb8506bb7cd3853.jpg,378,378,P
640,S3_jpg.rf.90a5981f827b33d7360e82abc16acbcc.jpg,380,380,S
639,R23_jpg.rf.90c5db8dcf15ca50ace090a4e1a1cabf.jpg,382,382,R
638,P20_jpg.rf.90e73eaab2e6dca06cd704d2f7d70c9b.jpg,410,410,P
637,T22_jpg.rf.9100c7e5054671b1996d996e33dafa8a.jpg,412,412,T
636,J29_jpg.rf.9106ad50958f8c23a3716a7d36cff164.jpg,396,396,J
635,G22_jpg.rf.91e0c4dc22d572aa3bd666a0fd8f0cf1.jpg,400,400,G
634,X19_jpg.rf.91e89c93d776792601943f769cb30d37.jpg,380,380,X
633,X0_jpg.rf.9128422a7789b7b340d34431cba43035.jpg,416,416,X
632,N19_jpg.rf.919961328272d4434d7e604e11c25005.jpg,402,402,N
631,U12_jpg.rf.9209058cc137e37c7d39e098db4aef51.jpg,404,404,U
630,E0_jpg.rf.926e842cd69d98b54aec8c371d61bf8d.jpg,380,380,E
629,K14_jpg.rf.92a41509ab493797be58b95fa0427300.jpg,406,406,K
628,A4_jpg.rf.9369f1aa5b6108a0759d030730700afa.jpg,388,388,A
627,V7_jpg.rf.9359e19f0e3decf6697e15aeb3ab6267.jpg,382,382,V
626,Q18_jpg.rf.92d4673df9911bd2611bd020acd70d04.jpg,400,400,Q
625,K18_jpg.rf.931a8b10f845a697fa3052ac8de6fa08.jpg,400,400,K
624,H23_jpg.rf.941cbff394281a33330d71c5219664c5.jpg,412,412,H
623,Z20_jpg.rf.93f86ccdef0af86d8cf8cca85677656c.jpg,380,380,Z
622,M16_jpg.rf.9472476df679c9235f44231b371ef525.jpg,396,396,M
621,U8_jpg.rf.94750074ee39958f86fe161f66c9782e.jpg,374,374,U
620,M18_jpg.rf.94b6b179dc7fdb52cd82dfa90c2ec8c7.jpg,400,400,M
619,C2_jpg.rf.94bb6cb403336400fa4bb229a29a5001.jpg,378,378,C
618,D8_jpg.rf.94d8d1eb9cff84765f81c632d07edc46.jpg,384,384,D
617,H28_jpg.rf.955ccfbebad415e8874635c4de28f1cc.jpg,374,374,H
616,D27_jpg.rf.94df7c0b27b00569a14fe4475e84ec7f.jpg,404,404,D
615,O5_jpg.rf.9478a7071c9594c6c5b80109907a0a5d.jpg,374,374,O
614,I9_jpg.rf.955dbc82105ffc5062cf4317e1ecd95e.jpg,392,392,I
613,Z21_jpg.rf.95c18c5e627bef4b90a5755dd3c6e0b9.jpg,394,394,Z
612,A18_jpg.rf.961cde89dba6fa66758fcf505cd4560e.jpg,410,410,A
611,I24_jpg.rf.963a1383f81d7225ad074f4928a3a6e1.jpg,402,402,I
610,O25_jpg.rf.957001b8f1a79a52c5cafdad4cd6ed4f.jpg,408,408,O
609,M3_jpg.rf.963dfc5d19252a7898d550e0bee13982.jpg,392,392,M
608,Q23_jpg.rf.96911677117648a2119e5c297f51e1d9.jpg,374,374,Q
607,H11_jpg.rf.96ded92601b8986b834c0fcf926dfa40.jpg,408,408,H
606,C0_jpg.rf.973b3521410ae5c7e32b54a120f1a4f7.jpg,388,388,C
605,J11_jpg.rf.986b8fcff226ac7eb5c45c4a5c9aac1b.jpg,384,384,J
604,J37_jpg.rf.986b52e1c6583269608afd529220337a.jpg,382,382,J
603,N7_jpg.rf.98c90c88c6657ad7c30c8aed64d0baad.jpg,400,400,N
602,I14_jpg.rf.98857edef78e71b90a23338374952c53.jpg,394,394,I
601,J34_jpg.rf.991a81aa9464b44233f285206b74c5f8.jpg,398,398,J
600,Z10_jpg.rf.9943135cca98d2e9887c67a937cd7fb4.jpg,412,412,Z
599,D2_jpg.rf.9949b39905135d4b5f7832b1d4d78f94.jpg,382,382,D
598,U1_jpg.rf.9843b133fc545def208f872a6b4c5254.jpg,394,394,U
597,A8_jpg.rf.991bd77dc48de828da8f0529f36f1d4a.jpg,410,410,A
596,X21_jpg.rf.99547d367f8baf8b52fd74468d6df5da.jpg,408,408,X
595,M22_jpg.rf.999b428265334fcfe5fd0988bfaa8daf.jpg,380,380,M
594,M21_jpg.rf.99bba85cee72f5d90a28094590ecbbbf.jpg,384,384,M
593,V26_jpg.rf.99df437705c6cfc7907f32f66aaecdee.jpg,388,388,V
592,C5_jpg.rf.99f22f57fc49f96914ae0b15bf18e590.jpg,388,388,C
591,X18_jpg.rf.99fd8bab19f97743011b1327df33a70d.jpg,380,380,X
590,A23_jpg.rf.97a11ab11034ee600679a123a8b8cb20.jpg,380,380,A
589,O5_jpg.rf.994a7d09ff71b63cadabe29701ad4dc3.jpg,408,408,O
588,E20_jpg.rf.9a03a1e0fe69e835ad860277ad754f5e.jpg,402,402,E
587,N12_jpg.rf.9a4c9fb411ede751dc657bba35021044.jpg,390,390,N
586,C7_jpg.rf.9990a91baa98e68238716439a5128017.jpg,398,398,C
585,U17_jpg.rf.9a958acd53e0030eefb8b627bd673fc4.jpg,388,388,U
584,K19_jpg.rf.9ac499864f6bc7acee8d944adf36bb5b.jpg,398,398,K
583,R13_jpg.rf.9af923a6168e4773123713d92b2833ab.jpg,410,410,R
582,Q4_jpg.rf.9abd9807e7761c1b3a8110a5b0542a29.jpg,374,374,Q
581,P11_jpg.rf.9b26d13b93934be87017b9e91689e462.jpg,398,398,P
580,H7_jpg.rf.9b69638689d70ee5a5c3fbc9396e6a2e.jpg,408,408,H
579,P10_jpg.rf.9bc9936fa60df50c060b49c5e53a303d.jpg,394,394,P
578,D26_jpg.rf.9b4bc57e8bf4b35e22b74d136b8fbadc.jpg,410,410,D
577,R2_jpg.rf.9c38ff01621dce6f68830b717e916f64.jpg,378,378,R
576,R11_jpg.rf.9c744e0fefcb9d26e4d4c1c0d90b3fa6.jpg,406,406,R
575,Y12_jpg.rf.9c7bc875dd16f637f5b0c509775baa7b.jpg,382,382,Y
574,F10_jpg.rf.9d3c47f2b612c602d7d0a36385a152ba.jpg,380,380,F
573,I0_jpg.rf.9dc9f090b7475a65889b24265858d240.jpg,380,380,I
572,N3_jpg.rf.9e0da901b299403c15147ae8c50d994e.jpg,374,374,N
571,D26_jpg.rf.9e113b47eda9f5586d51f646e2c71814.jpg,388,388,D
570,L6_jpg.rf.9e25afbd57f6148c26d0b0e666b95008.jpg,388,388,L
569,X22_jpg.rf.9c8c031f3c4c6b513cbedecb01fefa31.jpg,412,412,X
568,Q17_jpg.rf.9dc6c576f5549b61709365de0289c31a.jpg,380,380,Q
567,V13_jpg.rf.9e2ffa9422f53406035f9c6488a66ecc.jpg,394,394,V
566,G6_jpg.rf.9e320312161415318d61e5e289238474.jpg,398,398,G
565,Y19_jpg.rf.9e9bd45a855af44597a6b7a9b5bd6f6a.jpg,404,404,Y
564,Y1_jpg.rf.9ef2d22e8f554cc0671075c5a3ed2483.jpg,406,406,Y
563,L17_jpg.rf.9ef44d0df7cbb689066651161a70d960.jpg,406,406,L
562,I25_jpg.rf.9f10bb4baabfd5904f741d5363faf943.jpg,380,380,I
561,O10_jpg.rf.9efa4d007801ab69abc49336b48359a7.jpg,394,394,O
560,O21_jpg.rf.9f43bdfad676f0d97c1bbf7cac946f16.jpg,400,400,O
559,Y11_jpg.rf.9f541a43d08e04e61b96a6d4c0038cc0.jpg,374,374,Y
558,W10_jpg.rf.9f7fc2e1124520f27ce85b9a2d021259.jpg,394,394,W
557,M8_jpg.rf.9f82d2c7577d0af15c22bca5cd2f1add.jpg,402,402,M
556,C6_jpg.rf.9f80dbbfd3bd0b4b9ec4a5d40adbc9bb.jpg,412,412,C
555,A27_jpg.rf.a01fe29d02057b7c0d876bf8ccacd255.jpg,400,400,A
554,R24_jpg.rf.a04d37ea0dce95e7537dad9fbb3ada14.jpg,380,380,R
553,B24_jpg.rf.a0824d973cf96253c3d7371996bb4af7.jpg,392,392,B
552,S29_jpg.rf.a11f025e9515834b1078f51b49f74018.jpg,376,376,S
551,K19_jpg.rf.a124825809a5094a34702c322ff0c53f.jpg,400,400,K
550,Z15_jpg.rf.a12770795bcce108029932e638b65a8f.jpg,410,410,Z
549,W13_jpg.rf.a13316604ffd0e8924f349398996492b.jpg,378,378,W
548,P11_jpg.rf.a133cd006493e4185057697a4fcb8cb1.jpg,398,398,P
547,E19_jpg.rf.a15da0c7e1f6dc1c89b23b9bc8b6c4a5.jpg,408,408,E
546,M23_jpg.rf.a18313130a192cb95e5bc7edfedebfd7.jpg,378,378,M
545,D2_jpg.rf.a183e05bb9e6b5d2bc1c293d4326502b.jpg,372,372,D
544,F23_jpg.rf.a1c93723f021414543d098dcb7c70e3b.jpg,380,380,F
543,W3_jpg.rf.a1ca46c8bfe3ec89ae3a8dac2beb824e.jpg,372,372,W
542,U10_jpg.rf.a1cf715f7f06a68998f067afef20cb28.jpg,410,410,U
541,X7_jpg.rf.a20e2172a3876ca86d90bdd5e3f08533.jpg,390,390,X
540,R2_jpg.rf.a142629a8c0012120be00ed6e32e5e06.jpg,394,394,R
539,B17_jpg.rf.a2125c5f9b4c51b033327a6b0b2ee389.jpg,394,394,B
538,N3_jpg.rf.a237e0819785b78fce4c4f21c3d01696.jpg,372,372,N
537,R1_jpg.rf.a257cbb8565c637a1ab4285726338f9a.jpg,416,416,R
536,Z15_jpg.rf.a26f0ba92e8ae15a6bec6598f867b061.jpg,374,374,Z
535,S20_jpg.rf.a282e308a7090bfe1034f786e7bddee8.jpg,400,400,S
534,N20_jpg.rf.a2dbbc81a60a85d3c83aad148850fd45.jpg,398,398,N
533,D9_jpg.rf.a31596dced1ed4fb0ae2e5759189e39e.jpg,396,396,D
532,Y2_jpg.rf.a349391ff1e9b4ce7f779065b7b2e6a9.jpg,396,396,Y
531,U0_jpg.rf.a351d1815bff0e5e27a706d8fcf6f708.jpg,380,380,U
530,J0_jpg.rf.a2e7e5aed5673e411fd1baca0cc34a4a.jpg,404,404,J
529,F28_jpg.rf.a347f4e87125121d264118f7b9df44d6.jpg,388,388,F
528,F27_jpg.rf.a394d28342f96819552cdacded6acfc3.jpg,398,398,F
527,P4_jpg.rf.a3e9118aaea9823a0337b2b7b1be60ec.jpg,376,376,P
526,S7_jpg.rf.a423893b49860b7891ec1c8cc97936ca.jpg,400,400,S
525,E2_jpg.rf.a43f19cc5803acef271706896a228162.jpg,400,400,E
524,J33_jpg.rf.a445854ac4ec4ed9187c4033c936d722.jpg,374,374,J
523,L23_jpg.rf.a48055b8cf4629cc186c97cba9bbc47a.jpg,404,404,L
522,L7_jpg.rf.a4a99e404bc702e0354e4d0ef842a200.jpg,402,402,L
521,K26_jpg.rf.a4a32b22fe4847f7f1276f3b311f7b8c.jpg,396,396,K
520,S3_jpg.rf.a5bc8e77504a08380e0dfc418932263a.jpg,374,374,S
519,S15_jpg.rf.a51829cfdd4a697cdb43c85122f50d2b.jpg,408,408,S
518,L1_jpg.rf.a5cdc6ba48732365fc1b752f923e580d.jpg,408,408,L
517,S26_jpg.rf.a5eecb26e2c6b281d86754c20e25c5a9.jpg,410,410,S
516,C7_jpg.rf.a5fd0ae832514603b91bffc155131179.jpg,410,410,C
515,X4_jpg.rf.a611bac9f5f77d76cdadf436fdebbd91.jpg,374,374,X
514,X19_jpg.rf.a5ef3027c45cbc08a482bd80e800cb2c.jpg,412,412,X
513,R13_jpg.rf.a613d28c9af1a4ca905464c74468f0cb.jpg,380,380,R
512,A12_jpg.rf.a6af764b7540d62daadf4d88cd39bf67.jpg,378,378,A
511,Y9_jpg.rf.a65336fbc22d605d63c15b1b1f316f6d.jpg,374,374,Y
510,S8_jpg.rf.a6fc375e5671f87b32ca0d691750a310.jpg,380,380,S
509,J13_jpg.rf.a755c49bc5a3dbeb6a3793227851aa53.jpg,388,388,J
508,G12_jpg.rf.a773566896b476939729375fa3b5ad4e.jpg,382,382,G
507,I26_jpg.rf.a7b63373edbf3399e8056ed085912cbc.jpg,378,378,I
506,A16_jpg.rf.a7ba528015bff1d5f076ebc2510082e1.jpg,388,388,A
505,U19_jpg.rf.a7caaca00b9f765d06ce2b4d249231b7.jpg,384,384,U
504,J3_jpg.rf.a7e1e95ebc5aaf0ee5647e3cb2fb763c.jpg,408,408,J
503,L10_jpg.rf.a80228ff3aa6cef6b7dd02efeeb89c6a.jpg,402,402,L
502,A0_jpg.rf.a79ace20ea42b8f94360cef8aaec4030.jpg,406,406,A
501,U4_jpg.rf.a7ac80850fc36d2f3d5e947c2f92ab8b.jpg,378,378,U
500,Q14_jpg.rf.a814e740944ca15a90dcd2ba14c4e69a.jpg,374,374,Q
499,E8_jpg.rf.a863c77bc0b3b7d0bc0f225e7aba08bf.jpg,408,408,E
498,U22_jpg.rf.a85f084efc438d9259c714b1db820695.jpg,392,392,U
497,J25_jpg.rf.a8a578110702c2fc4f57ee916eb7af75.jpg,382,382,J
496,Z6_jpg.rf.a8c0988bf9701e6d6f72761fde6dfb38.jpg,374,374,Z
495,I23_jpg.rf.a8c38824ead79c16249bb349ad48cc45.jpg,410,410,I
494,Y22_jpg.rf.a9561ce5b6e31fb2382eaacd2604b753.jpg,380,380,Y
493,J11_jpg.rf.a9e6ab97a4377c361739865881eac00f.jpg,400,400,J
492,J13_jpg.rf.a9f44e6c303c295651a24c1ec0f200d9.jpg,410,410,J
491,N26_jpg.rf.aaad75a3f8ee527d151e908e01d069d9.jpg,408,408,N
490,K25_jpg.rf.aa60dd14efaef3670884f83f5e8e0416.jpg,390,390,K
489,B11_jpg.rf.ab157a1ed10cef51d66cfd6da805a581.jpg,384,384,B
488,L3_jpg.rf.ab68bd8183058f6a31848cb3d9e37b18.jpg,376,376,L
487,C20_jpg.rf.ab197d4732b19a26955eb697b752c0da.jpg,416,416,C
486,Z17_jpg.rf.ab719b2b3051cfceb985af9c5d91c7c0.jpg,396,396,Z
485,P14_jpg.rf.ab7961dc546796b871d4d1d4249712b6.jpg,382,382,P
484,B16_jpg.rf.abc30cf469e74a3ca3ebe2242a9380ae.jpg,374,374,B
483,V24_jpg.rf.abd8ffef81dc9198852b35505e6f5bf2.jpg,402,402,V
482,I24_jpg.rf.abeadd94c8631921b7e4019101a42673.jpg,374,374,I
481,V6_jpg.rf.abe8dcc914d6553a39478c1979b4f1cf.jpg,406,406,V
480,P20_jpg.rf.ac18a648f041ea35d7b08f241c5ef2a4.jpg,384,384,P
479,Y15_jpg.rf.aca2466b3c911a5e1c8a4064d0047c4e.jpg,398,398,Y
478,U10_jpg.rf.acb9242e5cbc57a2b47ff6993460b365.jpg,382,382,U
477,I29_jpg.rf.accebf92a36a2e237d47a354b6d5f18f.jpg,398,398,I
476,C21_jpg.rf.acf50ed5e3a1dd34d903ba5769a62319.jpg,398,398,C
475,B8_jpg.rf.ad0c398b1d9d6a140366dec45163688a.jpg,384,384,B
474,C21_jpg.rf.ad221e5196fb2c747b9b8962de8c48b3.jpg,382,382,C
473,I15_jpg.rf.ad23ee3b1bc3d007e1b2ada25163ed30.jpg,378,378,I
472,N14_jpg.rf.ad8c5bb14931850e4f6275728c6649d8.jpg,398,398,N
471,I4_jpg.rf.ad9df1e05c3fa1a8d864a6168795b84d.jpg,374,374,I
470,M17_jpg.rf.ada0001735e2863080c683069fc65a36.jpg,376,376,M
469,J17_jpg.rf.adc900700eb788c020757cd78fddfb46.jpg,390,390,J
468,Q25_jpg.rf.ade8cb837424aad88ac8c9de8fa67da9.jpg,388,388,Q
467,W15_jpg.rf.ae06a83d42ddc720d55c7c26087c5f2d.jpg,378,378,W
466,I22_jpg.rf.ae3bdc351d37b68b1b8bff8b8bdbc52a.jpg,380,380,I
465,A13_jpg.rf.ae43f794ac52ed83c47f4df799a3504e.jpg,400,400,A
464,D25_jpg.rf.ae3ef2e7257fde632de81a3a21678b0c.jpg,384,384,D
463,H20_jpg.rf.ae4f866b051c949fbfcc4e5969baadf5.jpg,402,402,H
462,Z12_jpg.rf.aead6bf7e0fc9e542174f72ace2bea05.jpg,392,392,Z
461,J10_jpg.rf.aeaae1e17cb69eb3d5d390e5fd8acc89.jpg,406,406,J
460,D19_jpg.rf.af3390525da00a182d7714b628b21890.jpg,390,390,D
459,M11_jpg.rf.af0e689c003d02775b2028011bf46500.jpg,392,392,M
458,K15_jpg.rf.afcb8205efd3f2c7f74179d4eac59ebc.jpg,408,408,K
457,C8_jpg.rf.afc31b2e728dfe9eb0a92bc66ed0ecbc.jpg,380,380,C
456,J21_jpg.rf.afdfde9531a67417b4f7f3610694128c.jpg,412,412,J
455,Z23_jpg.rf.aff14a2d63ad5cf50d9bc3a4bad6a1f9.jpg,408,408,Z
454,F18_jpg.rf.b00507954dc206121d607ca80cc70b09.jpg,410,410,F
453,J1_jpg.rf.b0139cd665378717a7b15ade98c6e1e3.jpg,408,408,J
452,K14_jpg.rf.b032c719d888e4795800a1a9ec27d7d1.jpg,382,382,K
451,V24_jpg.rf.b0534d7dd8c3f70eeb7b03c59ea8d3c2.jpg,398,398,V
450,A8_jpg.rf.b1f2cc51e5c09b11c614fecf4d2995f4.jpg,372,372,A
449,Z14_jpg.rf.b200298397492aa1e9e1b58440d8edbf.jpg,400,400,Z
448,I7_jpg.rf.b248f2a4378edf37cb0ea8b03f378442.jpg,374,374,I
447,S13_jpg.rf.b294d4baa969f317fe41b00591f4abb9.jpg,380,380,S
446,X15_jpg.rf.b0f452c30c74f81141324ccf7bbb07b1.jpg,416,416,X
445,M15_jpg.rf.b397980be97cc024f133dbd2d8a4fcdb.jpg,398,398,M
444,B4_jpg.rf.b39ad92d94c21068eb73c14768c29eef.jpg,380,380,B
443,X10_jpg.rf.b3a5b7e5bc428750c647f9bbe18f2099.jpg,398,398,X
442,F24_jpg.rf.b439c3fcb01186c832c07b105383ea93.jpg,392,392,F
441,S20_jpg.rf.b4495030e6951a2709d860d257ed11a3.jpg,394,394,S
440,K14_jpg.rf.b455bea6fe1dc61f1b5b49d6ff88526d.jpg,398,398,K
439,D27_jpg.rf.b458c2d4f8fb31a741c84c5f331cdf70.jpg,394,394,D
438,X0_jpg.rf.b45be700e01659be6f0d1338eb4e5ea9.jpg,374,374,X
437,N24_jpg.rf.b46b55bbe1e9adb6fcf27d979e9db5cb.jpg,382,382,N
436,B8_jpg.rf.b47d3b0de9b108a7f19a0084babe8636.jpg,382,382,B
435,P3_jpg.rf.b4cb115ed877d2f02832af4fe993cc67.jpg,408,408,P
434,O2_jpg.rf.b4a66881c43730dfa8d477ff66f7b26f.jpg,376,376,O
433,N13_jpg.rf.b51614c6e42508cb8623880c906f0fb5.jpg,380,380,N
432,P19_jpg.rf.b48e3b69b3e9b863075c2462a5e4dd9c.jpg,416,416,P
431,H23_jpg.rf.b5691f8786672d48e042c29990fdcc0b.jpg,396,396,H
430,T3_jpg.rf.b57ea6b3cb3d635d879b669047a5ae0b.jpg,384,384,T
429,G0_jpg.rf.b5c7bbeec2ccccbbd0b6e96851d8bffe.jpg,380,380,G
428,J15_jpg.rf.b5d6738e225226c47a4a74f4218a325b.jpg,380,380,J
427,O18_jpg.rf.b5dc12a4a13440790fb41be1da604700.jpg,372,372,O
426,A25_jpg.rf.b634b38aff4d380480afe15240abffaf.jpg,378,378,A
425,M19_jpg.rf.b6071dc5f662dde1884f3d9258f988f8.jpg,374,374,M
424,J15_jpg.rf.b64d42e4323a19c0295cd11d64adea44.jpg,392,392,J
423,S29_jpg.rf.b661aab69dbd76c5252db309fcd420c3.jpg,410,410,S
422,Z5_jpg.rf.b6f759aa37696436dbfadbb167230f40.jpg,394,394,Z
421,X11_jpg.rf.b70080abecd5dd21890ea4bd42f84434.jpg,408,408,X
420,K25_jpg.rf.b7430b01444b7b3dda9f5b5eff5ab5c6.jpg,400,400,K
419,X18_jpg.rf.b790831778f3f3e395b653852c67066a.jpg,394,394,X
418,Z1_jpg.rf.b74a9ea1348a5ed008b4ca33c88d4f93.jpg,390,390,Z
417,E3_jpg.rf.b7eb371c8ae5a02ac732cb5c3f471525.jpg,374,374,E
416,H22_jpg.rf.b82be36228ab41a2c439b5eb658b4360.jpg,374,374,H
415,H11_jpg.rf.b857162b6a635503ddd6eb46e0039551.jpg,398,398,H
414,C24_jpg.rf.b8cbb833603ebbf09d3e80929b57be9d.jpg,412,412,C
413,Q19_jpg.rf.b85a401d4a1deb785663283cf053f985.jpg,392,392,Q
412,J31_jpg.rf.b85dcb4878217e725a54f0417c46fda4.jpg,394,394,J
411,K17_jpg.rf.b8b0d0f71aac008669cc4e280a73b080.jpg,410,410,K
410,L13_jpg.rf.b8cd7bbf8ddcd5fdb126a597cfe7d311.jpg,410,410,L
409,H23_jpg.rf.b8daa0441a0178d9496e6dcc003567c3.jpg,410,410,H
408,M11_jpg.rf.b8db8602a4b524db3282fe13adea2e75.jpg,374,374,M
407,E23_jpg.rf.b8e85cba1d6178061f8564c7800c9f3e.jpg,410,410,E
406,J13_jpg.rf.b919071bb39a291fe0a16f857396f03c.jpg,408,408,J
405,O15_jpg.rf.b9b016b36ec2750c26f5f83ae9ab7b83.jpg,402,402,O
404,J20_jpg.rf.b968be6b0d236660bf244a78711e968b.jpg,396,396,J
403,Q6_jpg.rf.b9e3040b7bdf8fca156aff1fa376141e.jpg,376,376,Q
402,T20_jpg.rf.ba549b1fbd78f223da24c58d0e70ad28.jpg,372,372,T
401,E12_jpg.rf.ba97ee9afb51c731e7d870ad8146b885.jpg,376,376,E
400,S5_jpg.rf.bad1cedd24fd7abf7f775734ff57a3b1.jpg,388,388,S
399,B20_jpg.rf.ba7e2416ab8d1497ca22cc56956367b1.jpg,372,372,B
398,J32_jpg.rf.baf7a1382ae392410f44cc25a037364b.jpg,372,372,J
397,E1_jpg.rf.bb58cbde3ccebc11ebdc7702013c6501.jpg,384,384,E
396,F9_jpg.rf.bb7bbcfaa4bd49d32055ec51fddb20b7.jpg,382,382,F
395,H8_jpg.rf.bb9fc6bc51f759dea012dc6a71262236.jpg,376,376,H
394,E22_jpg.rf.bbc329c64df9596f31c5454da8aecec0.jpg,410,410,E
393,V1_jpg.rf.bbe1ec117abf8949bb4f59b58eb211f9.jpg,374,374,V
392,I24_jpg.rf.bc61f2e8907a28a5d95c0258dfe13bdb.jpg,410,410,I
391,N25_jpg.rf.bc9762401ff30806b764265cdf4cc5c3.jpg,380,380,N
390,S12_jpg.rf.bcf2423eb22a200724c5fb0b9811c08a.jpg,398,398,S
389,M1_jpg.rf.bcdac9f6a7e836fd4b94160062941c5e.jpg,406,406,M
388,R14_jpg.rf.bcfdeece1d745a1d3993b05c80bcd370.jpg,396,396,R
387,K7_jpg.rf.bd3cc7f03559a5257494f42f90f787cd.jpg,404,404,K
386,F22_jpg.rf.bd4c140b2928c870f5947764472fe0c0.jpg,384,384,F
385,C12_jpg.rf.bd7ede8f60e096a0fefff3d00d69757a.jpg,384,384,C
384,U23_jpg.rf.bda5444c4f270dedc6326b314abff183.jpg,400,400,U
383,Q23_jpg.rf.be1cf5ba3056c11d82fcc5a5de48de1c.jpg,396,396,Q
382,L10_jpg.rf.be496128298735337ffeb94a3a1f33f3.jpg,398,398,L
381,V13_jpg.rf.be5f81d0c35981669424b42a610ad935.jpg,388,388,V
380,W13_jpg.rf.be6ea4834bef8c63552e85d5c12546ab.jpg,410,410,W
379,E21_jpg.rf.be0b3ea585a5452196d7f15dc455d762.jpg,406,406,E
378,W21_jpg.rf.bec49089dbcba05353785dfb3d6e9407.jpg,372,372,W
377,A11_jpg.rf.bf055dc8a9a5a85bed0cc1f792c56a01.jpg,380,380,A
376,A0_jpg.rf.beea8a405220871911fb117e36526deb.jpg,404,404,A
375,S19_jpg.rf.bf143598f540be11f9dca8888070eb63.jpg,410,410,S
374,Z17_jpg.rf.c0eb891370348e27317a438ffadad81e.jpg,378,378,Z
373,Z20_jpg.rf.c115813a2f60d4f239546c931101270c.jpg,384,384,Z
372,W5_jpg.rf.beadb3bbea6c3e9d2601c2cb8e567312.jpg,416,416,W
371,Q25_jpg.rf.c121126193f206cde238ae6311c5b88b.jpg,396,396,Q
370,I12_jpg.rf.c10b0eb2986826e49eab5a762f0d55db.jpg,384,384,I
369,B13_jpg.rf.c13a25ad892a1fdcb79ee99acfa698a8.jpg,408,408,B
368,Q4_jpg.rf.c14d3d8e9158488f4d00e6996bbd09b9.jpg,372,372,Q
367,L18_jpg.rf.c1682d30473c71c4bba7a94c60a1ed74.jpg,398,398,L
366,Q15_jpg.rf.c1a8ac254417a095a40237f56137162d.jpg,374,374,Q
365,J21_jpg.rf.c1da1d3b649009d9c33048d5f4aeea7c.jpg,374,374,J
364,V5_jpg.rf.c1dbe0a1d603ddc610659d2bf6f84648.jpg,376,376,V
363,V19_jpg.rf.c218fb5d7c9486d768d8366e6920baa9.jpg,394,394,V
362,Z13_jpg.rf.c209126c15018459b246a0e73379bbf9.jpg,388,388,Z
361,F14_jpg.rf.c244800f96c233271e27fd60c37fb34b.jpg,380,380,F
360,P22_jpg.rf.c244245dab3f440d5e3e77d1487bdde7.jpg,396,396,P
359,Y22_jpg.rf.c246835235cca560199ae2ca06a79847.jpg,392,392,Y
358,J17_jpg.rf.c2bfa3c5126db12c100651591ff20cff.jpg,392,392,J
357,J25_jpg.rf.c3184bc0e1245d145144468b9a0150ce.jpg,388,388,J
356,M2_jpg.rf.c375b1a1f866fcac4b80b8de12fdf925.jpg,374,374,M
355,U20_jpg.rf.c3a9ddf27b1f4895556aaf888f785784.jpg,404,404,U
354,X8_jpg.rf.c3ac568db728957abb6dde800623da02.jpg,410,410,X
353,B8_jpg.rf.c35c7270b4beba7e31bbb9dae22d5c82.jpg,388,388,B
352,Y4_jpg.rf.c3a98732c8ac8a605fb18df4ba90857a.jpg,376,376,Y
351,I25_jpg.rf.c3b17ea0db97f65668c727a2191207df.jpg,374,374,I
350,C4_jpg.rf.c3db9ad78a50fe5d749e3ab1e9f33742.jpg,374,374,C
349,V14_jpg.rf.c3fa791d8537ddd98a8330dfe10b6010.jpg,396,396,V
348,G14_jpg.rf.c42c617051036591c7d8b47eb3bad429.jpg,388,388,G
347,O26_jpg.rf.c479cbbfa52e8717c9a1c96fbe5357b4.jpg,392,392,O
346,A1_jpg.rf.c4ccc21338f79e0f68d89dfc817ddd1f.jpg,390,390,A
345,M15_jpg.rf.c4e348d86e294476726358d17432a750.jpg,374,374,M
344,B16_jpg.rf.c5a3ebe84afd822abef025716af0399c.jpg,390,390,B
343,W5_jpg.rf.c556b617af0eb952b41fca679e8f0358.jpg,408,408,W
342,M3_jpg.rf.c5fe2f7df1fdce631b69c90c4fa0970e.jpg,374,374,M
341,T9_jpg.rf.c607f88c2d171ab2e0b720e3aedf1fb1.jpg,410,410,T
340,O9_jpg.rf.c61fbc9b1ec68349f5f7da3f96451e82.jpg,412,412,O
339,R16_jpg.rf.c6fa1889e0e3d5a3848b446a86e91a86.jpg,372,372,R
338,J0_jpg.rf.c5c8fc0404323b2dd17ccbd17ecacd88.jpg,406,406,J
337,H12_jpg.rf.c6e4d175bd242e793456f9a8dfad8bba.jpg,410,410,H
336,Z10_jpg.rf.c75958a9334a954c10692d61c2c04f64.jpg,388,388,Z
335,W1_jpg.rf.c70229091f5f20b44d3081d960f4f0b8.jpg,372,372,W
334,O25_jpg.rf.c771f572ff41e1c7e2a5fe97387c2787.jpg,376,376,O
333,S11_jpg.rf.c774a0072364a36a6dacad88c57304fa.jpg,390,390,S
332,K11_jpg.rf.c77c63edd7459392f075467f98be8695.jpg,408,408,K
331,E1_jpg.rf.c7db718583051dfb4ea52b76d165176e.jpg,400,400,E
330,P6_jpg.rf.c7fab758b5d67e87c1141a9f8b6cf109.jpg,378,378,P
329,L5_jpg.rf.c83eab64405668a23a11eccc6988ca8f.jpg,376,376,L
328,N2_jpg.rf.c85460f1ff7455fbef19573cfd3c21db.jpg,390,390,N
327,A7_jpg.rf.c87a086625b7c5db62e61655f42e0ae4.jpg,380,380,A
326,G27_jpg.rf.c828cf1e5c3b95904019ba86b00721f2.jpg,400,400,G
325,J31_jpg.rf.c86ea0e7ec45d8528e11306c8a70aa5d.jpg,394,394,J
324,R7_jpg.rf.c89342699cdb59cd6fcc4d6d515ef898.jpg,374,374,R
323,R23_jpg.rf.c891c4e93e1bf86632e011691ecbe679.jpg,394,394,R
322,H8_jpg.rf.c8ad771f06ce72cda8e302ece4f28fcf.jpg,416,416,H
321,S1_jpg.rf.c8b15b31501e39d1e2d6ddfa4211043c.jpg,388,388,S
320,J10_jpg.rf.c8d4e597413b65fd6363d0a0577d8f45.jpg,388,388,J
319,M22_jpg.rf.c8d94dabdd8eb27af53e313b95684480.jpg,382,382,M
318,S10_jpg.rf.c8dbcf718fe09bc3f9f91e1b595c10e1.jpg,394,394,S
317,K8_jpg.rf.c8df4918b176902ee61bd5b252ad9e1a.jpg,390,390,K
316,P16_jpg.rf.c8f1dd0daff479de207233c3e5bb9875.jpg,404,404,P
315,L25_jpg.rf.c8fee1c6ab4f596e63ae66be10d42be1.jpg,380,380,L
314,T10_jpg.rf.c9184e97594b53eb030920418cd52c69.jpg,384,384,T
313,Y2_jpg.rf.c953e242457ab91cf6a7d2502051aa7c.jpg,378,378,Y
312,L19_jpg.rf.c98a14f51f1df6eb54182831a12fc2c0.jpg,412,412,L
311,L2_jpg.rf.c9a43ec25132c92ecb347b8e24c376dd.jpg,406,406,L
310,X16_jpg.rf.c9abfedb94accdad99aff6ef822edb39.jpg,392,392,X
309,Y12_jpg.rf.ca9035302ddb139a3304395c13269571.jpg,404,404,Y
308,J0_jpg.rf.caa761a30f7e16c2d745668f9bcc8177.jpg,378,378,J
307,U12_jpg.rf.caab030d17c3d09fd2aa7a6f251fdf58.jpg,384,384,U
306,G24_jpg.rf.c9ed63fb8ea3dd9d8b2ad866f8b5aa16.jpg,388,388,G
305,H22_jpg.rf.caf6284be939baaa27a8fba14e56023a.jpg,406,406,H
304,D24_jpg.rf.cb3cf7b04b5f557f7b11b3a97f83aab4.jpg,380,380,D
303,G25_jpg.rf.cb869f53cf2ce3aa198d100df9219ddd.jpg,398,398,G
302,F27_jpg.rf.cb7a3f5801360dca7c5bd957ef86fb34.jpg,410,410,F
301,F26_jpg.rf.cb8796564c215d2a13326f696c9526e4.jpg,378,378,F
300,I15_jpg.rf.cb9b7683012629418f85098df2812742.jpg,380,380,I
299,X6_jpg.rf.cba76a8396d82d53bfc43e218372df27.jpg,392,392,X
298,I29_jpg.rf.cbcb28f9ec66d1c14621dfbb02850f5f.jpg,396,396,I
297,X15_jpg.rf.cbe362b93625ac37cae2947696df45b3.jpg,398,398,X
296,N11_jpg.rf.cbf31312b398614771001104ee946bae.jpg,408,408,N
295,R11_jpg.rf.cc06205ba531fa647be4c96bc06f1f34.jpg,384,384,R
294,A6_jpg.rf.cc599760fd37ea163dcda60c01837b12.jpg,396,396,A
293,P20_jpg.rf.cca700a498c46a597c5416076cb383e2.jpg,402,402,P
292,T14_jpg.rf.ccbe1ccadd5a7b8eace3e06c1815c727.jpg,408,408,T
291,B11_jpg.rf.cccec888adf53cd42f03493fc3806852.jpg,382,382,B
290,I1_jpg.rf.ccc50fb6e3430bf8ef09b29f52cd0cd0.jpg,406,406,I
289,D10_jpg.rf.cce8ddcd70c8169d500b162a907842a8.jpg,396,396,D
288,Y8_jpg.rf.ccd5d9ebf920f108455ff8c15910c6d6.jpg,410,410,Y
287,A13_jpg.rf.cd081f003a915ff50ed9e2b3860e1eb8.jpg,398,398,A
286,S23_jpg.rf.ccfd91c75fbec52c6ca4c6359dfff9f0.jpg,416,416,S
285,D14_jpg.rf.cd874c8d44a1be91c3a1751d7d79fbe1.jpg,408,408,D
284,I3_jpg.rf.cddc9518039dae2728a1c293af20055b.jpg,406,406,I
283,A18_jpg.rf.cdfec85406c77cb02c76566b4abb99a0.jpg,398,398,A
282,P7_jpg.rf.cecb008bfe853ebaa4979b3f97013171.jpg,384,384,P
281,Z25_jpg.rf.cede51688571bb8a931ff6731ad8c90e.jpg,380,380,Z
280,Q3_jpg.rf.cef2c93817228d882dadd8e06ce87eac.jpg,374,374,Q
279,A8_jpg.rf.cf020fb91cb152037beac09205c22057.jpg,406,406,A
278,F14_jpg.rf.ced78c6e757a100c9f8dbf2edd767e1b.jpg,416,416,F
277,M4_jpg.rf.cf07293744b055d2b1f0972ef342207a.jpg,378,378,M
276,A12_jpg.rf.cf08b7c130475ef3bb26c390fb8e420d.jpg,406,406,A
275,D21_jpg.rf.cf0fc16f82facbf71f6214e64786b816.jpg,392,392,D
274,E11_jpg.rf.cfb557e119c9bd2122afc43e476fd520.jpg,408,408,E
273,J1_jpg.rf.d0108d67d35575d9198dc5bcb47d49ba.jpg,406,406,J
272,A4_jpg.rf.d03522dc177baa9498936c8f8d1ddca7.jpg,394,394,A
271,E17_jpg.rf.d020e3a8d2f6ef381cbebed2609d1551.jpg,412,412,E
270,M19_jpg.rf.d0680b7370c2a2c20e9491b008d82d03.jpg,404,404,M
269,J36_jpg.rf.d09b435b559455b2e8f6dd1a461482e6.jpg,378,378,J
268,Z6_jpg.rf.d0ce8725d2b74f7c6922eea3cf1619ac.jpg,376,376,Z
267,N2_jpg.rf.d17742108eb47932d82859f6c6a4ff70.jpg,380,380,N
266,O7_jpg.rf.d178e278299696e1e5822759066b8272.jpg,398,398,O
265,U0_jpg.rf.d183c3cc0e401c0a7cf4e99d9c59025d.jpg,400,400,U
264,W14_jpg.rf.d1a3891ebf45f4d394d5ef3ad1dc78d8.jpg,382,382,W
263,D13_jpg.rf.d1c61c19e778e7a3da9c35b46ae8fd40.jpg,396,396,D
262,W9_jpg.rf.d1ee0477e52c34c22c16d1144a9ac94f.jpg,372,372,W
261,D10_jpg.rf.d246872b276062f3209d89e89ebb32b7.jpg,416,416,D
260,U8_jpg.rf.d2d85d0e1ae472a7e16e73cfb4be73c6.jpg,378,378,U
259,O1_jpg.rf.d34de0834203ec84df5a6f16981312a8.jpg,396,396,O
258,F2_jpg.rf.d32078d29c977657aedfd6795a524a81.jpg,408,408,F
257,I9_jpg.rf.d35b6e917127e0697768724b847347c1.jpg,388,388,I
256,S12_jpg.rf.d36f446eb042186bfb7414d3132bc586.jpg,378,378,S
255,L23_jpg.rf.d3a1759ef28882e2b290b8d4a0eb0e65.jpg,396,396,L
254,F18_jpg.rf.d41f24b48de964abf281fa96483b0ac7.jpg,394,394,F
253,X17_jpg.rf.d4248502efb4c440f19daf1af0dbe5ca.jpg,392,392,X
252,V14_jpg.rf.d46a757a1bb011fb58ec9bb7196d562d.jpg,406,406,V
251,D27_jpg.rf.d48548afd89a90c6c4f665d8461aab47.jpg,374,374,D
250,B20_jpg.rf.d4905ccfc4b87bc74e50bbb0f302f049.jpg,390,390,B
249,F24_jpg.rf.d20a210eb1931d350fee49615fed039e.jpg,384,384,F
248,M19_jpg.rf.d3b20ddaf332d899c9148014b1bd2034.jpg,410,410,M
247,G28_jpg.rf.d4b5241bf85bc1dba0a34bda286fec0f.jpg,374,374,G
246,T15_jpg.rf.d5370e2e397eaf7645e52b7f03ea2f16.jpg,384,384,T
245,H28_jpg.rf.d5317b701de30d4fcab0607a552a30d3.jpg,402,402,H
244,T9_jpg.rf.d545de7c5f90949ea31fd50b990afc52.jpg,394,394,T
243,I27_jpg.rf.d55af66cb9a6ee52b1c9299a6f99826a.jpg,400,400,I
242,S1_jpg.rf.d57adf7948c0141f1d50fc16c8482679.jpg,388,388,S
241,H16_jpg.rf.d580dc9274dacec3bcc50b6d06005f98.jpg,376,376,H
240,I23_jpg.rf.d5a4451e540c455574d6d707830cdc62.jpg,390,390,I
239,C18_jpg.rf.d5fc15e61a0181749c2f962c466f0714.jpg,382,382,C
238,M8_jpg.rf.d6181106122c9f1273f057bafe2d9ce6.jpg,374,374,M
237,L8_jpg.rf.d62f465a90d226d7bd0b8e03fca6b8bb.jpg,392,392,L
236,S13_jpg.rf.d649c07d2760c406425c9fd60a895c7a.jpg,376,376,S
235,N14_jpg.rf.d66ec48459ea666c501a97d360d8b769.jpg,380,380,N
234,K4_jpg.rf.d6c7fd0d2a1c01f54c78e9c1109ef5ca.jpg,382,382,K
233,I29_jpg.rf.d6fddff871678ed1cdaf47faf3f877c3.jpg,400,400,I
232,N14_jpg.rf.d711d4a495f0f5b865d419467c561f59.jpg,384,384,N
231,C11_jpg.rf.d73e10eef3b31268cf707d132323700a.jpg,378,378,C
230,G10_jpg.rf.d7ca319a75dcd674389b1c744a6d7032.jpg,384,384,G
229,T14_jpg.rf.d7e177eb44888c247b2349500de103a6.jpg,398,398,T
228,K19_jpg.rf.d81925d2d8bbc87064506e368a8fb4ed.jpg,410,410,K
227,B18_jpg.rf.d81b3f6155fed0909953936a739bfedf.jpg,402,402,B
226,Q2_jpg.rf.d89282c4d9e377048f24bff9b9149f30.jpg,400,400,Q
225,O24_jpg.rf.d91bd53448757ff1c2108f7510579223.jpg,380,380,O
224,C3_jpg.rf.d91cace8c665c24c4423104768a9bdb1.jpg,402,402,C
223,R19_jpg.rf.d974cf4fad92cbbb0d00a55c84f88f3d.jpg,376,376,R
222,Z1_jpg.rf.d9d061beae87c9a13f3e776076220a8b.jpg,410,410,Z
221,J15_jpg.rf.d99334d431315f29da4cd24d4d649a21.jpg,392,392,J
220,H9_jpg.rf.d9b58c3ffad4b10e18e5a289baa6b85c.jpg,408,408,H
219,G6_jpg.rf.dabb8e9cdfe6ceb4d5483744b30c3e12.jpg,404,404,G
218,X25_jpg.rf.daef5bb87f877f1dccc668f071a03846.jpg,384,384,X
217,L8_jpg.rf.db2cce4fc915c2d1fd3102e43e2a929d.jpg,408,408,L
216,D14_jpg.rf.db2f3d25f95c44309de719ef46cdeba3.jpg,408,408,D
215,B13_jpg.rf.db3097a593b6edec7e499852925cb854.jpg,392,392,B
214,D25_jpg.rf.daa2386d3e6c71b7a45d096b8948fba9.jpg,410,410,D
213,O15_jpg.rf.db2897d07d4dd56509113e0766611142.jpg,394,394,O
212,A7_jpg.rf.dbc8c7c30210fbba54002c603f443b5f.jpg,378,378,A
211,K21_jpg.rf.dbd67c303fb29881ac659f9e9353c4b7.jpg,388,388,K
210,X6_jpg.rf.dbff8080be9bdb7f24e716eda2cb601d.jpg,400,400,X
209,Z7_jpg.rf.dc0f0cacd616f6d1009a7accd4ab0e2a.jpg,406,406,Z
208,J32_jpg.rf.dc0f95718362bb9b173267a2c1efe7dc.jpg,380,380,J
207,U4_jpg.rf.db34e86828f1538262e443a02b5f3c29.jpg,400,400,U
206,F7_jpg.rf.dc42a40c0acd5cc2f309d179b0679f2a.jpg,388,388,F
205,L5_jpg.rf.db3cc2c72459df50ac1b7a41ea20a670.jpg,390,390,L
204,J19_jpg.rf.dc3141184f8fe69b24a32e004fc6b971.jpg,378,378,J
203,Q2_jpg.rf.dc693ce9450893538e07b0f575e34a03.jpg,376,376,Q
202,W11_jpg.rf.dcc540d2df5fba25bc9b89a4606cc9bb.jpg,372,372,W
201,V17_jpg.rf.dcedd7b0782bcc3c1df65a4eec61d4f2.jpg,410,410,V
200,P10_jpg.rf.dcd556b0e34e1ccafe32b7e4c650f42c.jpg,390,390,P
199,S8_jpg.rf.dd0d9ac79f83c65651da27d96c3c0988.jpg,396,396,S
198,M17_jpg.rf.dd1098b547010921bbc54c37dd4d5035.jpg,376,376,M
197,J22_jpg.rf.dd1e7d9beea336be8960e64202f4d41e.jpg,372,372,J
196,A19_jpg.rf.dd7e736410be65dec70415c3b00500a2.jpg,380,380,A
195,I18_jpg.rf.dd91753b3b6b7e6e32df2d15968adf29.jpg,374,374,I
194,I9_jpg.rf.dde8e9981e0775c74c4c65ec2970f5fd.jpg,394,394,I
193,T21_jpg.rf.de482df480954e9d1909c2c21ad1f27d.jpg,406,406,T
192,E12_jpg.rf.de4c70ed7b79826667ab5de4c839e50b.jpg,396,396,E
191,H7_jpg.rf.de6fef7f8517ede6a67c0f318fc8f3c1.jpg,396,396,H
190,L24_jpg.rf.de942fed1590df6c1470817a21246deb.jpg,374,374,L
189,A26_jpg.rf.df50493a9970cad3fcc2f942da008969.jpg,406,406,A
188,K22_jpg.rf.de2eea95fc720573b025a9070556a116.jpg,378,378,K
187,D4_jpg.rf.de8433ac510b064e782f4816978e3e97.jpg,410,410,D
186,Z13_jpg.rf.df5c48460fe9d23f8fa2597d23efd2d4.jpg,390,390,Z
185,F21_jpg.rf.df6a6428305d0e14e98369fae4813b15.jpg,372,372,F
184,O14_jpg.rf.df7a8fabf8dfbcc45a9a4fee5636225f.jpg,388,388,O
183,N8_jpg.rf.dee7f7937525aab7172c55d4d7ae6d10.jpg,390,390,N
182,P15_jpg.rf.df7aa0e3024b57122c185e55dafc2c33.jpg,400,400,P
181,X17_jpg.rf.dfbad9ddf9119c472713fbf573765906.jpg,398,398,X
180,P7_jpg.rf.dfc3b27d3a7eebe7571dd73673de9307.jpg,376,376,P
179,E24_jpg.rf.e0373ac336a3057e59db86a7be244989.jpg,410,410,E
178,T19_jpg.rf.e061682b688026bd207e1a1419ea9e81.jpg,390,390,T
177,V16_jpg.rf.e0776ae9aa018eced61702fba2c39d78.jpg,398,398,V
176,H2_jpg.rf.e08f1a1a0ee918fb196b0ace89c47aee.jpg,400,400,H
175,N12_jpg.rf.e0d9a443d10e6bc1dde50d47ff3949e0.jpg,408,408,N
174,E15_jpg.rf.e12cbd0e7be4630ebebdd6250cd76b9d.jpg,404,404,E
173,C5_jpg.rf.e16c2a097b885c325d790d56c39c3ce9.jpg,374,374,C
172,G22_jpg.rf.e16c951ceabe8353d7a62b62540fdb6c.jpg,402,402,G
171,R16_jpg.rf.e1a0971599d4e160dacb7a71c39521ac.jpg,376,376,R
170,N26_jpg.rf.e1eb13936e283c03a3fabceb5366c84b.jpg,388,388,N
169,N21_jpg.rf.e20c6d0f82c672b6f869f1a4fd7a0f67.jpg,412,412,N
168,L24_jpg.rf.e1fd0f2c2677c998fba3c3dccb7e5ff2.jpg,404,404,L
167,A28_jpg.rf.e2214cbcfdad5a30778bc0fccf2fcdf0.jpg,396,396,A
166,G1_jpg.rf.e22ffcdafc93d0f59f76e161f0398e8d.jpg,404,404,G
165,M11_jpg.rf.e2b25556138d77f4f4623470a5ed7530.jpg,392,392,M
164,G1_jpg.rf.e2cbd43294786e5e8e5508912a7d2227.jpg,400,400,G
163,E6_jpg.rf.e2d1308b9968734f373ea55c15f17ba4.jpg,376,376,E
162,M13_jpg.rf.e2daf639a286394c9b602c21480815c8.jpg,400,400,M
161,K21_jpg.rf.e3175a830adc3a54e1dbaa1935eefa54.jpg,396,396,K
160,Z13_jpg.rf.e33586c5b5871cf4e96eca9d08786aed.jpg,390,390,Z
159,B3_jpg.rf.e2f090f60390a00e77a564c1f18bcff7.jpg,384,384,B
158,X4_jpg.rf.e2f2c6b235e95f166ea949b04f801d00.jpg,412,412,X
157,H9_jpg.rf.e34c52c0bd2d2f54a9d2cee4b3b478d6.jpg,404,404,H
156,J30_jpg.rf.e36d6e55f9f0ae19dd65172bfaa9115c.jpg,404,404,J
155,X8_jpg.rf.e3c0763e1f03984aed3dfa0b378ee43b.jpg,394,394,X
154,R12_jpg.rf.e3dbb27c01cf6077dca09d5434cc7a54.jpg,382,382,R
153,M8_jpg.rf.e3f072f2cc57e60aad0cb5ffe5cd01b4.jpg,390,390,M
152,P6_jpg.rf.e3b8420d28d0df75beea3e89f2569c67.jpg,404,404,P
151,S21_jpg.rf.e4224fa6abed5e1fc19fd8fa64c1cca9.jpg,376,376,S
150,O23_jpg.rf.e432b5245f739c6b4779336803484d13.jpg,394,394,O
149,F25_jpg.rf.e43aa5b3641463b191ce8d9bbf96086e.jpg,404,404,F
148,L1_jpg.rf.e44e002dbcfce26ca84d1b8c3be4a99f.jpg,372,372,L
147,V26_jpg.rf.e4683f0dbcfa9c9611e09e8cfd02c2bc.jpg,402,402,V
146,A2_jpg.rf.e4d1f7a2679ab0140ad27a794db563c9.jpg,406,406,A
145,N10_jpg.rf.e4d39b46e9141319333f11815b14261f.jpg,372,372,N
144,A23_jpg.rf.e51d3bcb559b35e4d5ba896de298c380.jpg,378,378,A
143,B7_jpg.rf.e45ff70ea02654e6a765edba2603a9d8.jpg,410,410,B
142,J19_jpg.rf.e48b6808342f54aa56d3d776cf0065bf.jpg,382,382,J
141,X10_jpg.rf.e529ef4fe20efb544d9c6af051f8e099.jpg,392,392,X
140,V19_jpg.rf.e529f796070e58b433a85123b2dea8b7.jpg,392,392,V
139,L2_jpg.rf.e54933c64e575060a989478ceb9a7ea0.jpg,408,408,L
138,F12_jpg.rf.e5920ef120c3440576122c11b141be0f.jpg,404,404,F
137,A17_jpg.rf.e59e6baab9d6c91b09c3bca65404aed1.jpg,388,388,A
136,G25_jpg.rf.e5a3c518c05033164c4b083441e6f929.jpg,410,410,G
135,H17_jpg.rf.e601ae2622fd3a0ba2e4b58d88a694ff.jpg,374,374,H
134,H6_jpg.rf.e634c942e506cb86e77c067f43c7f692.jpg,378,378,H
133,Q24_jpg.rf.e6c835daf931b91866d0b232a95abde2.jpg,374,374,Q
132,H10_jpg.rf.e6f6ebec686326ec4ac840d649348975.jpg,398,398,H
131,K10_jpg.rf.e70a370a726d2e0f1996f321aa25411a.jpg,396,396,K
130,U11_jpg.rf.e711f70267991dec1389168f42a25c49.jpg,382,382,U
129,I2_jpg.rf.e759ab4a541159a2b65b89e1d92ea0da.jpg,412,412,I
128,L0_jpg.rf.e78fbab52fe3d227d0c70b025db90b5f.jpg,378,378,L
127,W8_jpg.rf.e76a494b4d06dc7026944cb29c967ef7.jpg,374,374,W
126,A16_jpg.rf.e7c093d6900f6669ca5b4f16cd01c1e9.jpg,396,396,A
125,Z12_jpg.rf.e7d4e949fa2f1c32714202e7ce72247c.jpg,378,378,Z
124,I6_jpg.rf.e777252b29b845d02452566d242b3e6b.jpg,410,410,I
123,Y14_jpg.rf.e81b709ae7138dfc2d91a1b48def18b1.jpg,380,380,Y
122,N4_jpg.rf.e83e4a424e2ba66e8970c66d9d0f8242.jpg,404,404,N
121,O27_jpg.rf.e84d99f05be54ffebde2adf50fdae9a0.jpg,406,406,O
120,H6_jpg.rf.e84df6080c3f89ec6c7c30f3bcbe4507.jpg,384,384,H
119,M1_jpg.rf.e8baa638b9f67b9365573d264feeb63b.jpg,398,398,M
118,Y6_jpg.rf.e8d090388111cfc7121dde38abaf0393.jpg,416,416,Y
117,R22_jpg.rf.e9175a212cf2a7f78d97c98fdbad8866.jpg,396,396,R
116,D9_jpg.rf.e9772d74d5e53e232a89fcda7408a639.jpg,394,394,D
115,J10_jpg.rf.ea2c3ed75b4aa4570df7c84a2c1e1c50.jpg,410,410,J
114,I1_jpg.rf.ea33db5925da9b8c524fa15ab6311037.jpg,402,402,I
113,F16_jpg.rf.ea3e041644a7b76f830589aba2b1fbde.jpg,410,410,F
112,Z23_jpg.rf.ea4b293399e15c6372b7441d268ba696.jpg,408,408,Z
111,T3_jpg.rf.ea6e58654e6f68de2e0b7b12ac1d9dec.jpg,416,416,T
110,Q11_jpg.rf.ea72d5275ae79b4508c8219275943142.jpg,398,398,Q
109,P15_jpg.rf.ea8b3b29dcaa786a87990a70a62a2536.jpg,390,390,P
108,W20_jpg.rf.eb55ea4c692a7b5e833a8d53d5562c69.jpg,400,400,W
107,I27_jpg.rf.eb6611451393847924a21d41e1f7e7d2.jpg,396,396,I
106,R10_jpg.rf.eb16ecf260bd3853600d7ce4965692d4.jpg,404,404,R
105,B2_jpg.rf.eb77904436b69b3fa5a875b5d018a2c7.jpg,378,378,B
104,N7_jpg.rf.eb8cf7b1cdad55ee2ce79528957fb77b.jpg,402,402,N
103,R1_jpg.rf.ebb366aabfcadd3f5687848d1641a68e.jpg,410,410,R
102,G16_jpg.rf.ebbff71a268d4571309abb3e635a093d.jpg,406,406,G
101,O14_jpg.rf.ebcb10c3ba61902c17b5019969e79fc9.jpg,406,406,O
100,O19_jpg.rf.ebc8aaf616665a1f6017f8837dfe59c8.jpg,392,392,O
99,W8_jpg.rf.eba26439311bef07331e1638551dff7c.jpg,412,412,W
98,I8_jpg.rf.ec3b78b52cbc108e0b6ca480e3b17446.jpg,406,406,I
97,I27_jpg.rf.ec2db890358f17869292a25ab56301b1.jpg,400,400,I
96,Y11_jpg.rf.ecccbf473066c8bc1ed46fc39fbdf828.jpg,382,382,Y
95,P14_jpg.rf.ec59751e7e28ab19928e00096ca47183.jpg,400,400,P
94,Q5_jpg.rf.ece1b371bd3b9865b13a6c3436632cb7.jpg,412,412,Q
93,W13_jpg.rf.ece3446a78337a829bcbd8d480609364.jpg,402,402,W
92,C24_jpg.rf.ed5cf959b467cda4318fe300fcbf2573.jpg,398,398,C
91,N5_jpg.rf.ed9076ae20a2d10f60d27928005b0aea.jpg,406,406,N
90,Y4_jpg.rf.ed950651c4b1a48d56e53cba5649c8a9.jpg,404,404,Y
89,G17_jpg.rf.edabbe6ac1a7dcb24cdfef0be0940ef3.jpg,392,392,G
88,G8_jpg.rf.ee0ae6c8e88c31bea22f9fbf6578ef39.jpg,372,372,G
87,W10_jpg.rf.ee44bd6478acedaca641bc728337e83b.jpg,394,394,W
86,G24_jpg.rf.ed9c5f116f14affcaccedfd52fd5c63c.jpg,388,388,G
85,T21_jpg.rf.ee24705127585fa1fadd75adeb68e007.jpg,404,404,T
84,P13_jpg.rf.ee4814384faa813e78b704b27732f630.jpg,392,392,P
83,Y3_jpg.rf.ee6b439eec8f20ddd48407fe96386d10.jpg,412,412,Y
82,X13_jpg.rf.ee9ae50c2625c7bf6c47852d5e93af96.jpg,398,398,X
81,D11_jpg.rf.ef33772fdd1429b6d6f08aa5edabc04b.jpg,398,398,D
80,O16_jpg.rf.ef26fc3ff420bdd1238bfd720cc673d1.jpg,378,378,O
79,Q21_jpg.rf.efb3bf4cfd8f291bc60fb2e50628468c.jpg,374,374,Q
78,D2_jpg.rf.ef68fafadb9c0afc220b4ed677771c12.jpg,394,394,D
77,F6_jpg.rf.efb81ddedf7b398685af898a95d22a33.jpg,384,384,F
76,X16_jpg.rf.efc9858a53b05705d7dfde4cae5b88e2.jpg,410,410,X
75,E9_jpg.rf.efdc0472937b01578d7a9f3216c2333c.jpg,406,406,E
74,S7_jpg.rf.f03a27fd08acb4e13ca8cb1108ab9ec4.jpg,372,372,S
73,W2_jpg.rf.f08d597503f973cb58b18280d75ea84d.jpg,380,380,W
72,S1_jpg.rf.f054ea86602eb9790a0b131f502e1ba0.jpg,384,384,S
71,D4_jpg.rf.f1801b699355f9a84f26724621746d71.jpg,378,378,D
70,L5_jpg.rf.f18fe972023219d86da41ea1eb2b5b91.jpg,374,374,L
69,O21_jpg.rf.f1b80c4847c4d4649bf986bfefeb80c7.jpg,400,400,O
68,R11_jpg.rf.f207241a5b48f9f4f8e1dd0c31c4eac2.jpg,398,398,R
67,S19_jpg.rf.f13dfc282ee341b185a0c7ad26888cbb.jpg,406,406,S
66,F22_jpg.rf.f2b2608ddda4278402d321a0c6de8841.jpg,400,400,F
65,T19_jpg.rf.f20ea052912fba08fade29734b945871.jpg,396,396,T
64,Y16_jpg.rf.f33ea43f62ea4f245d460b80c85d4bd9.jpg,376,376,Y
63,I14_jpg.rf.f2e145f91ec5bc1921ce058078c73aea.jpg,404,404,I
62,O24_jpg.rf.f3415587f4f07b20350d11f64cf93303.jpg,382,382,O
61,T5_jpg.rf.f36d1d223982eefc24c83f99e00162ec.jpg,416,416,T
60,G17_jpg.rf.f381273d4c4315212c697855534e36d6.jpg,376,376,G
59,Z28_jpg.rf.f3845fc7a529d60d5878d98a8a46781d.jpg,402,402,Z
58,J29_jpg.rf.f41e0665f17e42f072701c019565bb7f.jpg,376,376,J
57,L16_jpg.rf.f4cfa21819dba119681069bd578a9ee1.jpg,398,398,L
56,D4_jpg.rf.f4ef8d3c0ff588c50ce095f206d20b99.jpg,404,404,D
55,C8_jpg.rf.f52ac54661d0cc965570c6581f768ffb.jpg,378,378,C
54,I0_jpg.rf.f54362266f706b4aed27504c6581b8e0.jpg,406,406,I
53,B13_jpg.rf.f57c9466c18d5e575acaafe326096478.jpg,378,378,B
52,W1_jpg.rf.f58dabb4bfc08190ea08b63bd72e6849.jpg,408,408,W
51,R1_jpg.rf.f5b2b46a4d7a0e7923cd62987edf07ae.jpg,376,376,R
50,V5_jpg.rf.f61b9df02722cf9ac89cd65f582e4069.jpg,416,416,V
49,V13_jpg.rf.f68f9656a23c6a9fa4402d1e01f2696c.jpg,374,374,V
48,G17_jpg.rf.f6962a9c3f1184f4ae27105a2faa805f.jpg,374,374,G
47,E2_jpg.rf.f5c34160c50765040632845876f03dc9.jpg,404,404,E
46,J2_jpg.rf.f6e5626116ae40d6e0ec2e85e6971646.jpg,400,400,J
45,A26_jpg.rf.f6ef3e5bd61b99724a5bd52a8bd71a9f.jpg,378,378,A
44,F7_jpg.rf.f6f792e8e4e72cb236acbef4fa94fe76.jpg,398,398,F
43,D26_jpg.rf.f5d3c82d0ace4b6e255e2df3b924fe76.jpg,382,382,D
42,Q15_jpg.rf.f6ff52e539d0c927bc358d9fdd844857.jpg,398,398,Q
41,I6_jpg.rf.f7298af8bb64633d55d34d30a8956296.jpg,396,396,I
40,F1_jpg.rf.f758f32cb0632d711577bbf7dd0797f3.jpg,388,388,F
39,G12_jpg.rf.f77b63ee01095f0efd64a567048192ff.jpg,404,404,G
38,N5_jpg.rf.f79130004862195db416f6cdcf584a27.jpg,378,378,N
37,X7_jpg.rf.f79c34a6387cb1234b2ef435f6970752.jpg,376,376,X
36,Y24_jpg.rf.f709576840a8869762c9229ab9da422a.jpg,406,406,Y
35,J3_jpg.rf.f7a187e59859b6e80d6fe61095c59c08.jpg,380,380,J
34,X21_jpg.rf.f7dcb8c4df1b628a748a0552457fdaf5.jpg,398,398,X
33,Z19_jpg.rf.f7f85dbd2e22f4e7415454a80e2cd51e.jpg,392,392,Z
32,X3_jpg.rf.f8023702c81872d8f76d408e989d4ba8.jpg,378,378,X
31,Y16_jpg.rf.f88141a53950c838940912dcb3f65de0.jpg,384,384,Y
30,S24_jpg.rf.f8b1a050d76003e6e8479fd3447787c6.jpg,394,394,S
29,K18_jpg.rf.f930225eb54c4a878d3aa1592e253aa4.jpg,388,388,K
28,I1_jpg.rf.f8b45bd33f418a6f850b27a292db93be.jpg,400,400,I
27,E19_jpg.rf.f9ccc5ec73209f6eecaca429420f30c3.jpg,388,388,E
26,A24_jpg.rf.fab8f98ae5634a08834a054ca706efec.jpg,396,396,A
25,G0_jpg.rf.fadb849a3fc1908fbf78c40baae2c61f.jpg,376,376,G
24,V8_jpg.rf.faeb9cac446597cb90d3597b3ed53ae8.jpg,402,402,V
23,E14_jpg.rf.fb5d06769bdb07178e6e3df3a3b63d88.jpg,412,412,E
22,R13_jpg.rf.fb676b39dfddb47b1161a377a1b5c616.jpg,372,372,R
21,T0_jpg.rf.fb829f844b8e5ccfaf9a14d4710c67ee.jpg,376,376,T
20,U20_jpg.rf.fb96046df59e2414e674582dc9c63583.jpg,402,402,U
19,Z25_jpg.rf.fbf575e280796d678ab8a4027d9a42b9.jpg,390,390,Z
18,X2_jpg.rf.fcd66bb5c1443f31ad2b56e44725a9bd.jpg,408,408,X
17,A21_jpg.rf.fd2750bdaf5dd91c308481964c85e985.jpg,392,392,A
16,S12_jpg.rf.fe460cc814b0f47b9700993518b9130b.jpg,394,394,S
15,Q14_jpg.rf.fcec5d4c1c36df5e8f3de38d4f7fdcb5.jpg,392,392,Q
14,K22_jpg.rf.fd450e9793f7eee767b95462a1c5a1c6.jpg,396,396,K
13,F26_jpg.rf.fe466776eeab5aece3ac0076fb3d0540.jpg,392,392,F
12,Y9_jpg.rf.fe9c63458e0f5a64a7116a6a6b76405f.jpg,402,402,Y
11,O16_jpg.rf.feb5c92d910c1c918c234c26dfd7a102.jpg,402,402,O
10,C8_jpg.rf.ff0486d68a896bb9b648d42f6beef136.jpg,378,378,C
9,V1_jpg.rf.ff213cfdd31a9b708ea3dc13fbb66bf0.jpg,390,390,V
8,G15_jpg.rf.ff09e2ae46cb50c329c7be9075b01879.jpg,410,410,G
7,P5_jpg.rf.fe60919af5b5f73c21122d0cb7cf6092.jpg,410,410,P
6,A11_jpg.rf.ff2610c21c7f6d0a793cb58efc3bd96e.jpg,388,388,A
5,C14_jpg.rf.ff63309f35ce9f8a7b30b006a4181045.jpg,408,408,C
4,A15_jpg.rf.ff648f0ba648df1d2782e75ddea0f9ba.jpg,394,394,A
3,J3_jpg.rf.ff86dc5a870f1eadf471751c7fe11941.jpg,376,376,J
2,S17_jpg.rf.fff4096dcee5716f16ea8e65ee5ef85d.jpg,410,410,S
1,A19_jpg.rf.ffe6b49b3b0683ef4eb235ec6c7eca9e.jpg,406,406,A
0,W20_jpg.rf.fffe2d54b2d00bbad942f6a406503d87.jpg,374,374,W
